#S,Loop id,PDB,Disc,#Non-core,Annotation,Chain(s),Standardized name,Unnamed: 8,1,Unnamed: 10,2,Unnamed: 12,3,Unnamed: 14,4,Unnamed: 16,5,Unnamed: 18,6,Unnamed: 20,7,1-7,2-6,1-6,3-6,3-5
2,HL_2A64_002,2A64,0.2734,1,T-loop with 2 stacked bulged bases,A,ribonuclease P RNA,C,69,U,70,G,71,A,72,G,73,A,74,G,76,cWW 1.00,tWH 0.60,nbp 1.00,nbp 1.00,nbp 1.00
3,HL_4WF9_010,4WF9,0.1579,1,T-loop with 2 stacked bulged bases,X,LSU rRNA,C,348,U,349,G,350,G,351,A,352,A,353,G,355,cWW 1.00,tWH 1.00,nbp 0.80,nbp 1.00,nbp 1.00
5,HL_5DH6_002,5DH6,0.0976,1,T-loop with 2 stacked bulged bases,A,hammerhead ribozyme,C,27,U,28,G,29,G,30,G,31,A,32,G,34,cWW 1.00,tWH 1.00,nbp 1.00,nbp 1.00,nbp 1.00
7,HL_7A0S_010,7A0S,0.0975,1,T-loop with 1 bulged base,X,LSU rRNA,C,316,U,317,G,318,G,319,A,320,A,321,G,323,cWW 1.00,tWH 1.00,nbp 1.00,nbp 0.80,nbp 1.00
8,HL_4FRN_005,4FRN,0.1557,2,T-loop with 2 bulged bases not stacked,B,Cobalamin riboswitch aptamer domain,G,28,U,29,G,30,U,31,A,32,A,33,C,36,cWW 1.00,tWH 1.00,nbp 0.80,nbp 0.80,nbp 0.80
9,HL_4FRG_001,4FRG,0.173,2,T-loop with 2 bulged bases not stacked,B,cobalamin riboswitch aptamer domain,G,28,U,29,G,30,A,31,A,32,A,33,C,36,cWW 1.00,tWH 1.00,nbp 1.00,nbp 1.00,nbp 0.80
10,HL_6DN2_003,6DN2,0.1571,2,T-loop with 2 bulged bases not stacked,Y,RNA (56-MER),G,68,U,69,G,70,A,71,A,72,A,73,C,76,cWW 1.00,tWH 1.00,nbp 1.00,nbp 0.80,nbp 1.00
11,HL_3F2X_004,3F2X,0.1694,2,T-loop with 2 bulged bases not stacked,X,FMN riboswitch,G,68,U,69,G,70,A,71,A,72,A,73,C,76,cWW 1.00,tWH 1.00,nbp 1.00,nbp 1.00,nbp 1.00
12,HL_3F2X_001,3F2X,0.1271,2,T-loop with 2 bulged bases not stacked,X,FMN riboswitch,G,17,U,18,G,19,A,20,A,21,A,22,C,25,cWW 1.00,tWH 1.00,nbp 1.00,nbp 0.80,nbp 1.00
13,HL_6DN2_001,6DN2,0.1329,2,T-loop with 2 bulged bases not stacked,X,RNA RIBOSWITCH,G,17,U,18,G,19,A,20,A,21,A,22,C,25,cWW 1.00,tWH 1.00,nbp 0.80,nbp 0.80,nbp 0.80
17,HL_3VJR_001,3VJR,0.3471,2,T-loop with 2 bulged bases not stacked,B,tRNA CCA-acceptor,G,13,U,14,U,15,C,16,G,17,A,18,C,21,cWW 1.00,tWH 1.00,nbp 1.00,nbp 0.80,nbp 0.80
18,HL_5X2G_003,5X2G,0.6947,2,,B,sgRNA,G,73,U,74,U,75,C,77,A,78,A,79,C,81,cWW 1.00,tWH 1.00,nbp 1.00,nbp 1.00,nbp 1.00
