#S,Loop id,PDB,Disc,#Non-core,Annotation,Chain(s),Standardized name,Unnamed: 8,1,Unnamed: 10,2,Unnamed: 12,3,Unnamed: 14,4,Unnamed: 16,5,Unnamed: 18,6,1-6
1,HL_3AMU_001,3AMU,0.5975,6,tRNA D-loop,B,tRNA,U,13,A,14,G,15,C,16,C,17,G,22,cWW 1.00
2,HL_2FMT_004,2FMT,0.3738,5,,D,FORMYL-METHIONYL-TRNAFMET2,C,13,A,14,G,15,C,16,C,17,G,22,cWW 1.00
3,HL_5WT1_001,5WT1,0.0,5,tRNA D-loop,C,tRNA,C,13,A,14,G,15,C,16,C,17,G,22,cWW 1.00
4,HL_7VNV_007,7VNV,0.3996,6,,A,tRNA,PSU,13,A,14,7SN,15,C,16,OMC,17,G,22,nbp 0.80
