#S,Loop id,PDB,Disc,#Non-core,Annotation,Chain(s),Standardized name,Unnamed: 8,1,Unnamed: 10,2,Unnamed: 12,3,Unnamed: 14,4,Unnamed: 16,5,Unnamed: 18,6,Unnamed: 20,7,1-7,2-6,2-5,1-6,2-7
2,HL_7A0S_029,7A0S,0.4866,1,,X,LSU rRNA,C,1103,G,1104,A,1106,A,1107,U,1108,A,1109,G,1110,cWW 1.00,tSH 0.60,nbp 0.80,nbp 1.00,nbp 1.00
3,HL_3OXE_001,3OXE,0.5106,1,,A,domain II of glycine riboswitch,G,17,U,19,U,20,A,21,A,22,U,23,C,24,cWW 1.00,nbp 1.00,nbp 1.00,nbp 1.00,nbp 1.00
4,HL_6UFH_001,6UFH,0.4058,1,,A,RNA (167-MER),G,13,C,14,A,16,U,17,C,18,A,19,C,20,cWW 1.00,nbp 0.80,nbp 1.00,nbp 0.80,nbp 1.00
5,HL_8H1B_001,8H1B,0.2781,2,tRNA anticodon loop,C,RNA (17-mer),A,31,C,32,U,35,G,36,A,37,C,38,U,39,cWW 1.00,? 0.00,nbp 1.00,nbp 0.80,nbp 1.00
6,HL_8H0S_002,8H0S,0.2217,2,tRNA anticodon loop,Y,RNA (17-mer),A,31,C,32,U,35,G,36,A,37,C,38,U,39,cWW 1.00,nbp 0.60,nbp 1.00,nbp 0.80,nbp 1.00
7,HL_6MPI_033,6MPI,0.1038,2,tRNA anticodon loop,X,tRNA ASL Escherichia coli Arg1,G,31,RSP,32,C,35,G,36,A,37,A,38,C,39,cWW 1.00,nbp 1.00,nbp 1.00,nbp 1.00,nbp 1.00
8,HL_6MKN_034,6MKN,0.0,2,tRNA anticodon loop,X,tRNA ASL Escherichia coli Arg2,G,31,C,32,C,35,G,36,A,37,A,38,C,39,cWW 1.00,cWW 0.60,nbp 1.00,nbp 1.00,nbp 0.80
9,HL_5U3G_003,5U3G,0.7082,2,,B,Guanidine-I riboswitch,G,68,A,69,A,71,A,72,A,73,A,74,C,76,cWW 1.00,tHH 1.00,nbp 1.00,nbp 1.00,nbp 1.00
