#S,Loop id,PDB,Disc,#Non-core,Chain(s),Standardized name,Unnamed: 7,1,Unnamed: 9,2,Unnamed: 11,3,Unnamed: 13,4,Unnamed: 15,5,Unnamed: 17,6,Unnamed: 19,7,Unnamed: 21,8,1-8,4-6,4-7,3-7,3-6
1,HL_3SKI_001,3SKI,0.7722,1,A,RNA (68-MER),C,39,A,40,U,41,A,42,A,43,G,45,G,46,G,47,cWW 1.00,cSS 0.40,nbp 1.00,nbp 1.00,nbp 1.00
2,HL_3SKL_004,3SKL,0.7603,1,B,RNA (66-MER),C,38,A,39,U,40,A,41,A,42,G,44,G,45,G,46,cWW 1.00,nbp 0.60,nbp 0.80,nbp 1.00,nbp 1.00
3,HL_3RKF_007,3RKF,0.1256,1,C,Guanine riboswitch,G,31,G,32,A,33,U,34,A,35,A,37,G,38,C,39,cWW 1.00,nbp 1.00,nbp 1.00,nbp 1.00,nbp 1.00
4,HL_1Y27_001,1Y27,0.1052,1,X,Purine riboswitch,G,31,G,32,A,33,U,34,A,35,G,37,G,38,C,39,cWW 1.00,? 0.00,nbp 1.00,nbp 0.80,nbp 0.80
5,HL_5KPY_001,5KPY,0.0,1,A,5-hydroxytryptophan RNA aptamer,G,31,G,32,A,33,U,34,A,35,G,37,G,38,C,39,cWW 1.00,nbp 0.60,nbp 1.00,nbp 0.80,nbp 0.80
6,HL_6P2H_001,6P2H,0.1295,1,A,RNA (69-MER),A,31,A,32,A,33,U,34,A,35,G,37,G,38,U,39,cWW 1.00,nbp 0.60,nbp 1.00,nbp 0.80,nbp 0.80
7,HL_4FEN_001,4FEN,0.1591,1,B,A24U/U25A/A46G mutant of the B. subtilis xpt-pbuX guanine riboswitch aptamer domain,G,31,G,32,A,33,U,34,A,35,G,37,G,38,C,39,cWW 1.00,? 0.00,nbp 1.00,nbp 0.80,nbp 0.60
