#S,Loop id,PDB,Disc,#Non-core,Annotation,Chain(s),Standardized name,Unnamed: 8,1,Unnamed: 10,2,Unnamed: 12,3,Unnamed: 14,4,Unnamed: 16,5,Unnamed: 18,6,1-6,2-4,2-5,2-6,1-5,5-6
2,HL_7A0S_046,7A0S,0.5841,1,GNRA,X,LSU rRNA,C,1797,G,1798,A,1799,A,1800,A,1802,G,1803,cWW 1.00,nbp 1.00,tSH 1.00,nbp 1.00,nbp 1.00,nbp 1.00
4,HL_4LFB_012,4LFB,0.4123,1,GNRA,A,SSU rRNA,C,458,G,459,A,460,G,462,A,463,G,474,cWW 1.00,nbp 0.80,tSH 1.00,nbp 1.00,nbp 1.00,nbp 1.00
7,HL_5VSU_001,5VSU,0.5582,0,GNRA variation,I,U6 snRNA,U,70,G,71,C,72,A,73,U,74,A,75,cWW 1.00,nbp 1.00,nbp 1.00,nbp 1.00,nbp 1.00,nbp 1.00
9,HL_7Z4D_003,7Z4D,0.4659,0,GNRA,A,sgRNA,U,72,G,73,A,74,A,75,A,76,A,77,cWW 1.00,nbp 1.00,nbp 0.60,nbp 1.00,nbp 1.00,nbp 1.00
11,HL_8DP3_003,8DP3,0.4282,0,GNRA,R,RNA (90-MER),U,62,C,63,A,64,C,65,C,66,G,67,cWW 1.00,nbp 1.00,nbp 1.00,nbp 1.00,nbp 1.00,nbp 1.00
12,HL_6ASO_001,6ASO,0.3179,1,GNRA,I,U6 snRNA,U,70,G,71,C,72,U,74,A,75,A,76,cWW 0.80,nbp 1.00,tSH 1.00,nbp 1.00,nbp 1.00,nbp 1.00
13,HL_4WF9_071,4WF9,0.4023,0,GNRA,X,LSU rRNA,U,1762,U,1763,A,1764,A,1765,C,1766,G,1767,cWW 0.80,nbp 0.80,nbp 1.00,nbp 1.00,nbp 1.00,nbp 1.00
14,HL_5O6U_001,5O6U,0.2997,1,,A,crRNA,C,32,G,33,C,34,A,35,A,37,G,38,cWW 1.00,nbp 0.80,tSH 1.00,nbp 1.00,nbp 1.00,nbp 1.00
15,HL_1XJR_001,1XJR,0.3993,1,GNRA,A,s2m RNA,G,21,G,22,A,23,G,24,A,26,C,27,cWW 1.00,nbp 1.00,tSH 1.00,nbp 1.00,nbp 1.00,nbp 1.00
16,HL_6VMY_001,6VMY,0.3969,1,GNRA,A,Cobalamin riboswitch,U,223,G,224,A,225,A,226,A,228,A,229,cWW 1.00,nbp 1.00,tSH 1.00,nbp 1.00,nbp 1.00,nbp 1.00
18,HL_5LM7_001,5LM7,0.2945,1,GNRA,G,RNA (29-MER),U,21,G,22,A,23,A,24,A,26,A,27,cWW 1.00,nbp 1.00,tSH 0.80,nbp 1.00,nbp 1.00,nbp 1.00
19,HL_3D0U_003,3D0U,0.3304,1,GNRA,A,Lysine Riboswitch RNA,G,121,G,122,A,123,A,124,A,126,C,127,cWW 1.00,nbp 1.00,tSH 1.00,nbp 1.00,nbp 0.80,nbp 1.00
20,HL_4AL5_001,4AL5,0.2789,1,GNRA,B,RNA (20-mer),C,10,G,11,U,12,A,13,A,15,G,16,cWW 1.00,nbp 1.00,tSH 1.00,nbp 1.00,nbp 1.00,nbp 1.00
21,HL_2XLK_001,2XLK,0.2736,1,GNRA,C,RNA (16-mer),C,10,G,11,U,12,A,13,A,15,G,16,cWW 1.00,nbp 1.00,tSH 1.00,nbp 1.00,nbp 1.00,nbp 1.00
22,HL_7WKP_001,7WKP,0.321,1,GNRA,B,3' stem loop crRNA,C,10,G,11,C,12,A,13,A,15,G,16,cWW 1.00,nbp 1.00,tSH 1.00,nbp 1.00,nbp 1.00,nbp 1.00
27,HL_4WF9_021,4WF9,0.4753,1,GNRA,X,LSU rRNA,U,686,G,687,A,688,A,689,A,691,G,692,cWW 1.00,nbp 1.00,tSH 0.60,nbp 1.00,nbp 1.00,nbp 1.00
30,HL_1G1X_004,1G1X,0.3337,0,GNRA,I,16S RIBOSOMAL RNA,C,590,G,591,A,592,A,593,A,594,G,649,cWW 1.00,nbp 1.00,nbp 0.60,nbp 1.00,nbp 1.00,nbp 1.00
31,HL_6LAX_002,6LAX,0.3068,0,GNRA,A,RNA (55-MER),U,42,G,43,A,44,A,45,A,46,A,47,cWW 1.00,nbp 1.00,nbp 0.60,nbp 1.00,nbp 1.00,nbp 1.00
34,HL_1U6B_004,1U6B,0.415,0,GNRA variation,B,197-MER,C,153,A,154,A,155,A,156,C,157,G,158,cWW 1.00,nbp 1.00,nbp 1.00,nbp 1.00,nbp 1.00,nbp 1.00
35,HL_7U4A_001,7U4A,0.4653,0,GNRA variation,A,RNA (70-MER),C,13,G,14,A,15,A,16,A,17,G,18,cWW 1.00,nbp 0.80,nbp 1.00,nbp 1.00,nbp 1.00,nbp 1.00
37,HL_4QLM_001,4QLM,0.2926,0,GNRA,A,cyclic di-AMP riboswitch,C,54,G,55,A,56,A,57,A,58,G,59,cWW 1.00,nbp 1.00,tSH 0.80,nbp 1.00,nbp 1.00,nbp 1.00
38,HL_7A0S_005,7A0S,0.3026,0,GNRA,X,LSU rRNA,C,146,G,147,C,148,A,149,A,150,G,151,cWW 1.00,nbp 0.80,tSH 0.80,nbp 1.00,nbp 1.00,nbp 1.00
39,HL_1M5K_003,1M5K,0.2853,0,GNRA,B,RNA HAIRPIN RIBOZYME,G,74,G,75,A,76,A,77,A,78,C,79,cWW 1.00,nbp 1.00,tSH 1.00,nbp 1.00,nbp 0.80,nbp 1.00
40,HL_7QQX_001,7QQX,0.2607,0,GNRA,A,FANCF sgRNA,A,32,G,33,A,34,A,35,A,36,U,37,cWW 1.00,nbp 1.00,nbp 1.00,nbp 1.00,nbp 1.00,nbp 1.00
41,HL_4QK9_001,4QK9,0.2782,0,GNRA variation,A,C-di-AMP riboswitch,C,14,U,15,G,16,A,17,A,18,G,19,cWW 1.00,nbp 1.00,nbp 1.00,nbp 1.00,nbp 1.00,nbp 1.00
42,HL_3AGV_001,3AGV,0.3264,0,,U,RNA (24-mer),CFZ,11,G,12,A,13,A,14,A,15,G,16,nbp 0.80,nbp 1.00,nbp 0.80,nbp 1.00,nbp 1.00,nbp 1.00
43,HL_7A0S_047,7A0S,0.1999,0,GNRA,X,LSU rRNA,U,1856,G,1857,C,1858,A,1859,A,1860,G,1861,cWW 1.00,nbp 0.80,? 0.00,nbp 1.00,nbp 1.00,nbp 1.00
44,HL_6UFH_005,6UFH,0.1611,0,GNRA,A,RNA (167-MER),C,145,G,146,A,147,A,148,A,149,G,150,cWW 1.00,nbp 0.80,tSH 0.80,nbp 1.00,nbp 1.00,nbp 1.00
45,HL_5FQ5_003,5FQ5,0.2318,0,GNRA,A,SGRNA,U,72,G,73,A,74,A,75,A,76,A,77,cWW 1.00,nbp 1.00,tSH 0.60,nbp 1.00,nbp 1.00,nbp 1.00
46,HL_7QR0_003,7QR0,0.204,0,GNRA,A,TRAC sgRNA,U,72,G,73,A,74,A,75,A,76,A,77,cWW 1.00,nbp 1.00,tSH 1.00,nbp 1.00,nbp 1.00,nbp 1.00
47,HL_5FQ5_001,5FQ5,0.1939,0,GNRA,A,SGRNA,A,32,G,33,A,34,A,35,A,36,U,37,cWW 1.00,nbp 1.00,nbp 0.80,nbp 1.00,nbp 1.00,nbp 1.00
48,HL_4WF9_027,4WF9,0.2493,2,GNRA,X,LSU rRNA,U,999,G,1000,A,1001,A,1003,A,1004,G,1006,cWW 1.00,nbp 0.80,tSH 1.00,nbp 1.00,nbp 1.00,nbp 1.00
50,HL_7A0S_026,7A0S,0.1942,2,GNRA,X,LSU rRNA,A,966,G,967,C,968,A,970,A,971,U,973,cWW 1.00,nbp 1.00,tSH 1.00,nbp 1.00,nbp 1.00,nbp 1.00
51,HL_7KKV_003,7KKV,0.2549,1,GNRA,B,OLE* RNA,G,528,G,529,A,530,A,531,A,532,C,534,cWW 1.00,nbp 1.00,? 0.00,nbp 1.00,nbp 1.00,nbp 1.00
57,HL_4LFB_007,4LFB,0.189,0,GNRA,A,SSU rRNA,U,296,G,297,A,298,G,299,A,300,G,301,cWW 1.00,nbp 1.00,tSH 1.00,nbp 1.00,nbp 1.00,nbp 1.00
61,HL_6AZ4_001,6AZ4,0.2118,0,GNRA,A,RNA (32-MER),U,20,G,21,A,22,A,23,A,24,G,25,cWW 1.00,nbp 1.00,tSH 0.60,nbp 1.00,nbp 1.00,nbp 1.00
62,HL_6CB3_004,6CB3,0.1815,0,GNRA,B,RNA (99-MER),G,20,G,21,A,22,A,23,A,24,C,25,cWW 1.00,nbp 1.00,tSH 1.00,nbp 1.00,nbp 0.80,nbp 1.00
65,HL_4K50_001,4K50,0.0956,0,GNRA,B,RNA (33-MER),U,587,G,588,A,589,A,590,A,591,G,592,cWW 1.00,nbp 1.00,tSH 1.00,nbp 1.00,nbp 1.00,nbp 1.00
66,HL_1KXK_001,1KXK,0.1203,0,GNRA,A,ai5g group II Self-splicing intron,U,33,G,34,A,35,A,36,A,37,G,38,cWW 1.00,nbp 1.00,tSH 1.00,nbp 1.00,nbp 1.00,nbp 1.00
67,HL_4K27_001,4K27,0.1113,0,GNRA,U,Myotonic Dystrophy Type 2 RNA,U,26,G,27,A,28,A,29,A,30,G,31,cWW 1.00,nbp 1.00,tSH 1.00,nbp 1.00,nbp 1.00,nbp 1.00
68,HL_5BTM_001,5BTM,0.1385,0,GNRA,A,RNA (55-mer),U,26,G,27,A,28,A,29,A,30,G,31,cWW 1.00,nbp 1.00,tSH 1.00,nbp 1.00,nbp 1.00,nbp 1.00
69,HL_6WPI_001,6WPI,0.1361,0,GNRA,B,RNA (47-MER),U,25,G,26,A,27,A,28,A,29,G,30,cWW 1.00,nbp 1.00,tSH 1.00,nbp 1.00,nbp 1.00,nbp 1.00
70,HL_4PCJ_001,4PCJ,0.132,0,GNRA,A,trCUG-3('5),U,16,G,17,A,18,A,19,A,20,G,21,cWW 1.00,nbp 1.00,tSH 1.00,nbp 1.00,nbp 1.00,nbp 1.00
71,HL_5M0H_001,5M0H,0.1335,0,GNRA,A,ASH1 E3 (42 nt-TL/TLR),U,21,G,22,A,23,A,24,A,25,G,26,cWW 1.00,nbp 1.00,tSH 1.00,nbp 1.00,nbp 1.00,nbp 1.00
72,HL_4FRG_002,4FRG,0.1145,0,GNRA,B,cobalamin riboswitch aptamer domain,C,46,G,47,A,48,A,49,A,50,G,51,cWW 1.00,nbp 0.80,tSH 1.00,nbp 1.00,nbp 1.00,nbp 1.00
73,HL_6JQ5_004,6JQ5,0.1178,0,GNRA,B,RNA (82-MER),C,45,G,46,A,47,A,48,A,49,G,50,cWW 1.00,nbp 1.00,tSH 1.00,nbp 1.00,nbp 1.00,nbp 1.00
74,HL_4BW0_001,4BW0,0.1356,0,GNRA,A,HMKT-7,C,9,G,10,A,11,A,12,A,13,G,14,cWW 1.00,nbp 1.00,tSH 1.00,nbp 1.00,nbp 1.00,nbp 1.00
77,HL_7QQP_003,7QQP,0.1477,0,GNRA,A,AAVS1 sgRNA,U,72,G,73,A,74,A,75,A,76,A,77,cWW 1.00,nbp 1.00,tSH 1.00,nbp 1.00,nbp 1.00,nbp 1.00
78,HL_7WIE_001,7WIE,0.0994,0,GNRA,V,RNA (50-MER),C,31,G,32,A,33,A,34,A,35,G,37,cWW 1.00,nbp 1.00,tSH 1.00,nbp 1.00,nbp 1.00,nbp 1.00
79,HL_4PLX_001,4PLX,0.0841,0,GNRA,A,Core ENE hairpin and A-rich tract from MALAT1,C,24,G,25,A,26,A,27,A,28,G,29,cWW 1.00,nbp 1.00,tSH 1.00,nbp 1.00,nbp 1.00,nbp 1.00
80,HL_2R8S_001,2R8S,0.0797,0,GNRA,R,P4-P6 RNA RIBOZYME DOMAIN,G,149,G,150,A,151,A,152,A,153,C,154,cWW 1.00,nbp 1.00,tSH 1.00,nbp 1.00,nbp 0.80,nbp 1.00
81,HL_5UZ6_001,5UZ6,0.0,0,GNRA,A,RNA (25-MER),C,15,G,16,A,17,A,18,A,19,G,20,cWW 1.00,nbp 1.00,tSH 1.00,nbp 1.00,nbp 1.00,nbp 1.00
82,HL_8HZE_002,8HZE,0.0544,0,GNRA,B,RNA (36-MER),C,19,G,20,A,21,A,22,A,23,G,24,cWW 1.00,nbp 1.00,tSH 1.00,nbp 1.00,nbp 1.00,nbp 1.00
83,HL_5VCI_001,5VCI,0.0762,0,GNRA,A,RNA (22-mer),C,16,G,17,A,18,A,19,A,20,G,21,cWW 1.00,nbp 1.00,tSH 1.00,nbp 1.00,nbp 1.00,nbp 1.00
84,HL_4JF2_001,4JF2,0.0747,0,GNRA,A,PreQ1-II Riboswitch,C,8,G,9,A,10,A,11,A,12,G,13,cWW 1.00,nbp 1.00,tSH 1.00,nbp 1.00,nbp 1.00,nbp 1.00
85,HL_5D5L_001,5D5L,0.0733,0,GNRA,A,PreQ1-II riboswitch,C,8,G,9,A,10,A,11,A,12,G,13,cWW 1.00,nbp 1.00,tSH 1.00,nbp 1.00,nbp 1.00,nbp 1.00
87,HL_4LFB_027,4LFB,0.0995,0,GNRA,A,SSU rRNA,C,1165,G,1166,A,1167,A,1168,A,1169,G,1171,cWW 1.00,nbp 1.00,tSH 0.80,nbp 1.00,nbp 1.00,nbp 1.00
88,HL_1KH6_002,1KH6,0.0917,0,GNRA,A,JIIIabc,C,28,G,29,A,30,A,31,A,32,G,33,cWW 1.00,nbp 1.00,tSH 0.60,nbp 1.00,nbp 1.00,nbp 1.00
89,HL_1U6B_001,1U6B,0.0954,0,GNRA,B,197-MER,G,23,G,24,A,25,A,26,A,27,C,28,cWW 1.00,nbp 1.00,tSH 1.00,nbp 1.00,nbp 1.00,nbp 1.00
90,HL_3CUL_001,3CUL,0.148,0,GNRA,C,RNA (92-MER),C,7,G,8,A,9,A,10,A,11,G,12,cWW 1.00,nbp 1.00,tSH 0.60,nbp 1.00,nbp 1.00,nbp 1.00
91,HL_5XTM_002,5XTM,0.1281,0,GNRA,D,RNA (47-MER),G,24,G,25,A,26,A,27,A,28,C,29,cWW 1.00,nbp 1.00,tSH 1.00,nbp 1.00,nbp 0.80,nbp 1.00
92,HL_5XTM_001,5XTM,0.1299,0,GNRA,B,RNA (47-MER),G,24,G,25,A,26,A,27,A,28,C,29,cWW 1.00,nbp 0.80,tSH 1.00,nbp 1.00,nbp 0.80,nbp 1.00
93,HL_7UZ0_002,7UZ0,0.1184,0,GNRA,A,tRNA,C,36,G,37,A,38,A,39,A,40,G,41,cWW 1.00,nbp 1.00,tSH 1.00,nbp 1.00,nbp 1.00,nbp 1.00
94,HL_5Y7M_002,5Y7M,0.0998,0,GNRA,D,RNA (52-MER),C,24,G,25,A,26,A,27,A,28,G,29,cWW 1.00,nbp 1.00,tSH 1.00,nbp 1.00,nbp 1.00,nbp 1.00
95,HL_5DCV_002,5DCV,0.1193,0,GNRA,D,RNA (47-MER),G,26,G,27,A,28,A,29,A,30,C,31,cWW 1.00,nbp 1.00,tSH 0.60,nbp 1.00,nbp 0.80,nbp 1.00
96,HL_8SYK_004,8SYK,0.1486,0,,A,RNA device 43 truncation mutant 3 (U100C),C,79,G,80,A,81,A,82,A,83,G,84,cWW 1.00,nbp 1.00,tSH 0.60,nbp 1.00,nbp 1.00,nbp 1.00
97,HL_1NBS_007,1NBS,0.1614,0,GNRA,B,RNase P class B,A,204,G,205,A,206,A,207,A,208,U,209,cWW 1.00,nbp 0.80,tSH 0.60,nbp 1.00,nbp 0.80,nbp 1.00
98,HL_3V7E_003,3V7E,0.1402,0,GNRA,C,SAM-I riboswitch,G,105,G,106,A,107,A,108,A,109,C,110,cWW 1.00,nbp 1.00,tSH 0.80,nbp 1.00,nbp 1.00,nbp 1.00
99,HL_5DDO_001,5DDO,0.1724,0,GNRA,A,L-glutamine riboswitch (58-MER),G,11,G,12,A,13,A,14,A,15,C,16,cWW 1.00,nbp 1.00,? 0.00,nbp 1.00,nbp 0.80,nbp 1.00
101,HL_8Z8U_002,8Z8U,0.1795,0,,B,RNA (41-MER),C,19,G,20,A,21,A,22,A,23,G,24,cWW 1.00,nbp 1.00,tSH 1.00,nbp 1.00,nbp 1.00,nbp 1.00
102,HL_3P22_001,3P22,0.1788,0,GNRA,A,Core ENE hairpin from KSHV PAN RNA,C,17,G,18,A,19,A,20,A,21,G,22,cWW 1.00,nbp 1.00,tSH 1.00,nbp 1.00,nbp 1.00,nbp 1.00
103,HL_4WF9_016,4WF9,0.1862,0,GNRA,X,LSU rRNA,C,533,G,534,G,535,A,536,A,537,G,538,cWW 1.00,nbp 1.00,tSH 0.80,nbp 1.00,nbp 1.00,nbp 1.00
104,HL_7A0S_016,7A0S,0.1915,0,GNRA,X,LSU rRNA,C,498,G,499,G,500,G,501,A,502,G,503,cWW 1.00,nbp 1.00,tSH 0.80,nbp 1.00,nbp 1.00,nbp 1.00
106,HL_4W90_003,4W90,0.1595,0,GNRA,C,cyclic di-AMP riboswitch,C,82,G,83,A,84,A,85,A,86,G,87,cWW 1.00,nbp 1.00,tSH 0.80,nbp 1.00,nbp 1.00,nbp 1.00
107,HL_5F9R_003,5F9R,0.1549,0,GNRA,A,RNA (116-MER),U,90,G,91,A,92,A,93,A,94,A,95,cWW 1.00,nbp 1.00,tSH 0.60,nbp 1.00,nbp 1.00,nbp 1.00
108,HL_7QQX_003,7QQX,0.1449,0,GNRA,A,FANCF sgRNA,U,72,G,73,A,74,A,75,A,76,A,77,cWW 1.00,nbp 1.00,tSH 1.00,nbp 1.00,nbp 1.00,nbp 1.00
109,HL_3KTW_002,3KTW,0.1531,0,GNRA,C,SRP RNA,C,209,G,210,G,211,A,212,A,213,G,214,cWW 1.00,nbp 1.00,tSH 0.80,nbp 1.00,nbp 1.00,nbp 1.00
110,HL_4ZT0_004,4ZT0,0.159,0,GNRA,D,single-guide RNA,A,32,G,33,A,34,A,35,A,36,U,37,cWW 1.00,nbp 0.80,tSH 0.80,nbp 1.00,nbp 1.00,nbp 1.00
113,HL_4LFB_019,4LFB,0.158,0,GNRA,A,SSU rRNA,C,862,U,863,A,864,A,865,C,866,G,867,cWW 1.00,nbp 1.00,tSH 0.80,nbp 1.00,nbp 1.00,nbp 1.00
114,HL_4Y1M_004,4Y1M,0.1826,0,GNRA,B,E. coli yybP-ykoY riboswitch,A,81,G,82,A,83,A,84,A,85,U,86,cWW 1.00,nbp 0.80,tSH 0.80,nbp 1.00,nbp 1.00,nbp 1.00
116,HL_1U9S_002,1U9S,0.1517,0,GNRA,A,RIBONUCLEASE P,G,99,G,100,U,101,A,102,A,103,C,104,cWW 1.00,nbp 0.80,tSH 0.60,nbp 1.00,nbp 0.80,nbp 1.00
117,HL_3D0U_004,3D0U,0.1596,0,GNRA,A,Lysine Riboswitch RNA,C,142,G,143,A,144,A,145,A,146,G,147,cWW 1.00,nbp 0.80,tSH 1.00,nbp 1.00,nbp 1.00,nbp 1.00
118,HL_8KAJ_002,8KAJ,0.1576,0,,I,RNA (65-MER),U,72,G,73,A,74,A,75,A,76,A,77,cWW 1.00,nbp 1.00,nbp 1.00,nbp 1.00,nbp 1.00,nbp 1.00
119,HL_5VW1_001,5VW1,0.1076,0,GNRA,C,sgRNA,A,32,G,33,A,34,A,35,A,36,U,37,cWW 1.00,nbp 1.00,? 0.00,nbp 1.00,nbp 1.00,nbp 1.00
120,HL_2OIU_001,2OIU,0.0996,0,GNRA,P,L1 Ribozyme RNA Ligase,C,10,G,11,A,12,A,13,A,14,G,15,cWW 1.00,nbp 1.00,tSH 1.00,nbp 1.00,nbp 1.00,nbp 1.00
121,HL_4LCK_004,4LCK,0.1015,0,GNRA,B,tRNA,C,71,G,72,A,73,A,74,A,75,G,76,cWW 1.00,nbp 0.80,tSH 0.60,nbp 1.00,nbp 1.00,nbp 1.00
122,HL_4ENC_002,4ENC,0.1037,0,GNRA,A,Fluoride riboswitch,U,28,G,29,A,30,A,31,A,32,A,33,cWW 1.00,nbp 1.00,tSH 1.00,nbp 1.00,nbp 1.00,nbp 1.00
123,HL_7K16_001,7K16,0.1121,0,GNRA,P,RNA (51-MER),C,13,G,14,A,15,A,16,A,17,G,18,cWW 1.00,nbp 1.00,tSH 1.00,nbp 1.00,nbp 1.00,nbp 1.00
124,HL_5FJC_003,5FJC,0.0966,0,GNRA,A,SAM-I riboswitch,G,73,G,74,A,75,A,76,A,77,C,78,cWW 1.00,nbp 0.80,tSH 1.00,nbp 1.00,nbp 1.00,nbp 1.00
125,HL_7OZQ_004,7OZQ,0.0923,0,GNRA,H,RNA,C,14,G,15,A,16,A,17,A,18,G,19,cWW 1.00,nbp 1.00,tSH 1.00,nbp 1.00,nbp 1.00,nbp 1.00
126,HL_7D7W_001,7D7W,0.09,0,GNRA,A,18GAAA (52-MER),C,27,G,28,A,29,A,30,A,31,G,32,cWW 1.00,nbp 1.00,tSH 1.00,nbp 1.00,nbp 1.00,nbp 1.00
127,HL_5TPY_006,5TPY,0.0723,0,GNRA,A,RNA (71-MER),C,62,G,63,A,64,A,65,A,66,G,67,cWW 1.00,nbp 1.00,tSH 1.00,nbp 1.00,nbp 1.00,nbp 1.00
128,HL_3MXH_001,3MXH,0.0925,0,GNRA,R,c-di-GMP riboswitch,C,31,G,32,A,33,A,34,A,35,G,36,cWW 1.00,nbp 1.00,tSH 0.80,nbp 1.00,nbp 1.00,nbp 1.00
129,HL_4AOB_003,4AOB,0.0817,0,GNRA,A,SAM-I riboswitch,G,73,G,74,A,75,A,76,A,77,C,78,cWW 1.00,nbp 0.80,tSH 1.00,nbp 1.00,nbp 0.80,nbp 1.00
130,HL_3IGI_006,3IGI,0.0905,0,GNRA,A,Group IIC intron,G,274,G,275,A,276,A,277,A,278,C,279,cWW 1.00,nbp 1.00,tSH 1.00,nbp 1.00,nbp 1.00,nbp 1.00
131,HL_6DVK_001,6DVK,0.0896,0,GNRA,H,RNA (95-MER),G,45,G,46,A,47,A,48,A,49,C,50,cWW 1.00,nbp 1.00,tSH 1.00,nbp 1.00,nbp 0.80,nbp 1.00
132,HL_1GID_004,1GID,0.0996,0,GNRA,B,P4-P6 RNA RIBOZYME DOMAIN,G,149,G,150,A,151,A,152,A,153,C,154,cWW 1.00,nbp 1.00,tSH 1.00,nbp 1.00,nbp 0.80,nbp 1.00
133,HL_1G1X_001,1G1X,0.0729,0,GNRA,D,16S RIBOSOMAL RNA,C,590,G,591,A,592,A,593,A,594,G,649,cWW 1.00,nbp 1.00,tSH 1.00,nbp 1.00,nbp 1.00,nbp 1.00
136,HL_3PDR_001,3PDR,0.1351,0,GNRA,X,M-box riboswitch (ykoK leader),C,68,C,69,A,70,A,71,A,72,G,73,cWW 1.00,nbp 1.00,nbp 0.60,nbp 1.00,nbp 1.00,nbp 1.00
137,HL_1L9A_002,1L9A,0.1386,0,GNRA,B,signal recognition particle RNA S domain,G,197,G,198,A,199,A,200,A,201,C,202,cWW 1.00,nbp 1.00,tSH 0.80,nbp 1.00,nbp 0.80,nbp 1.00
141,HL_7R97_001,7R97,0.1426,0,GNRA,C,RNA (28-MER),C,11,G,12,C,13,A,14,A,15,G,16,cWW 1.00,nbp 1.00,tSH 1.00,nbp 1.00,nbp 1.00,nbp 1.00
142,HL_7A0S_063,7A0S,0.1362,0,GNRA,X,LSU rRNA,C,2637,G,2638,A,2639,G,2640,A,2641,G,2642,cWW 1.00,nbp 1.00,tSH 1.00,nbp 1.00,nbp 1.00,nbp 1.00
143,HL_6K4Q_003,6K4Q,0.1302,0,,A,sgRNA,U,72,G,73,A,74,A,75,A,76,A,77,cWW 1.00,nbp 1.00,tSH 1.00,nbp 1.00,nbp 1.00,nbp 1.00
144,HL_8ITS_001,8ITS,0.1136,0,GNRA,A,RNA (46-MER),C,15,G,16,A,17,A,18,A,19,G,20,cWW 1.00,nbp 1.00,tSH 1.00,nbp 1.00,nbp 1.00,nbp 1.00
147,HL_5B2P_001,5B2P,0.1003,0,GNRA,B,Guide RNA,C,35,G,36,A,37,A,38,A,39,G,40,cWW 1.00,nbp 1.00,tSH 1.00,nbp 1.00,nbp 1.00,nbp 1.00
148,HL_5X2G_001,5X2G,0.0897,0,GNRA,B,sgRNA,U,32,G,33,A,34,A,35,A,36,A,37,cWW 1.00,nbp 1.00,tSH 1.00,nbp 1.00,nbp 1.00,nbp 1.00
149,HL_6TFF_001,6TFF,0.0775,0,GNRA,A,nadA RNA,C,27,G,28,A,29,A,30,A,31,G,32,cWW 1.00,nbp 0.80,tSH 1.00,nbp 1.00,nbp 1.00,nbp 1.00
151,HL_8ITS_002,8ITS,0.0733,0,GNRA,A,RNA (46-MER),C,31,G,32,A,33,A,34,A,35,G,36,cWW 1.00,nbp 1.00,tSH 0.80,nbp 1.00,nbp 1.00,nbp 1.00
152,HL_6N2V_002,6N2V,0.0929,0,GNRA,A,X. oryzae Mn riboswitch optimized construct,C,56,G,57,A,58,A,59,A,60,G,61,cWW 1.00,nbp 1.00,tSH 1.00,nbp 1.00,nbp 1.00,nbp 1.00
154,HL_1RLG_002,1RLG,0.0825,0,GNRA,D,25-MER,C,9,G,10,A,11,A,12,A,13,G,14,cWW 1.00,nbp 1.00,tSH 1.00,nbp 1.00,nbp 1.00,nbp 1.00
155,HL_4Y1M_003,4Y1M,0.1091,0,GNRA,B,E. coli yybP-ykoY riboswitch,U,55,G,56,A,57,A,58,A,59,A,60,cWW 1.00,nbp 1.00,tSH 1.00,nbp 1.00,nbp 1.00,nbp 1.00
157,HL_3NDB_002,3NDB,0.1531,0,GNRA,M,SRP RNA,C,208,G,209,G,210,A,211,A,212,G,213,cWW 1.00,nbp 1.00,tSH 0.80,nbp 1.00,nbp 1.00,nbp 1.00
158,HL_3MOJ_001,3MOJ,0.1032,0,GNRA,A,LSU rRNA,G,2529,G,2530,A,2531,A,2532,A,2533,C,2534,cWW 1.00,nbp 1.00,tSH 1.00,nbp 1.00,nbp 0.80,nbp 1.00
159,HL_5B2T_003,5B2T,0.1165,0,GNRA,A,Guide RNA,U,72,G,73,A,74,A,75,A,76,A,77,cWW 1.00,nbp 1.00,tSH 0.60,nbp 1.00,nbp 1.00,nbp 1.00
160,HL_8Z8U_001,8Z8U,0.1032,0,,A,RNA (41-MER),C,19,G,20,A,21,A,22,A,23,G,24,cWW 1.00,nbp 1.00,tSH 1.00,nbp 1.00,nbp 1.00,nbp 1.00
161,HL_8D28_002,8D28,0.0725,0,GNRA,B,RNA (33-MER),C,13,G,14,A,15,A,16,A,17,G,18,cWW 1.00,nbp 1.00,tSH 1.00,nbp 1.00,nbp 1.00,nbp 1.00
162,HL_3RW6_001,3RW6,0.1,0,GNRA,H,constitutive transport element(CTE)of Mason-Pfizer monkey virus RNA,G,27,G,28,A,29,A,30,A,31,C,32,cWW 1.00,nbp 1.00,tSH 1.00,nbp 1.00,nbp 0.80,nbp 1.00
163,HL_1MZP_001,1MZP,0.1284,0,GNRA,B,fragment of 23S rRNA,C,25,G,26,C,27,A,28,A,29,G,30,cWW 1.00,nbp 1.00,tSH 1.00,nbp 1.00,nbp 1.00,nbp 1.00
164,HL_7ZO1_003,7ZO1,0.1135,0,GNRA,A,CD34 sgRNA,U,72,G,73,A,74,A,75,A,76,A,77,cWW 1.00,nbp 1.00,tSH 1.00,nbp 1.00,nbp 1.00,nbp 1.00
165,HL_4RUM_002,4RUM,0.1039,0,GNRA,A,NiCo riboswitch RNA,C,51,G,52,A,53,A,54,A,55,G,56,cWW 1.00,nbp 1.00,tSH 1.00,nbp 1.00,nbp 1.00,nbp 1.00
168,HL_4OQU_003,4OQU,0.1064,0,GNRA,A,SAM-I/IV riboswitch,G,57,G,58,A,59,G,60,A,61,C,62,cWW 1.00,nbp 1.00,tSH 0.60,nbp 1.00,nbp 0.80,nbp 1.00
170,HL_5FJC_002,5FJC,0.1053,0,GNRA,A,SAM-I riboswitch,A,49,G,50,A,51,A,52,A,53,U,54,cWW 1.00,nbp 1.00,tSH 1.00,nbp 1.00,nbp 1.00,nbp 1.00
171,HL_8X5V_001,8X5V,0.1027,0,GNRA,B,RNA (110-mer),U,33,G,34,A,35,A,36,A,37,A,38,cWW 1.00,nbp 1.00,tSH 1.00,nbp 1.00,nbp 1.00,nbp 1.00
172,HL_5DDP_001,5DDP,0.1402,0,GNRA,A,glnA,G,11,G,12,A,13,A,14,A,15,C,16,cWW 1.00,nbp 1.00,tSH 0.80,nbp 1.00,nbp 1.00,nbp 1.00
173,HL_1Q96_001,1Q96,0.1285,0,GNRA,A,sarcin/ricin 28S rRNA,U,13,G,14,A,15,G,16,A,17,A,18,cWW 1.00,nbp 1.00,tSH 1.00,nbp 1.00,nbp 1.00,nbp 1.00
178,HL_7U4A_003,7U4A,0.1629,0,GNRA,A,RNA (70-MER),C,62,G,63,A,64,A,65,A,66,G,67,cWW 1.00,nbp 1.00,tSH 1.00,nbp 1.00,nbp 1.00,nbp 1.00
180,HL_4LFB_010,4LFB,0.1579,0,GNRA,A,SSU rRNA,C,379,G,380,C,381,A,382,A,383,G,384,cWW 1.00,nbp 1.00,tSH 0.60,nbp 1.00,nbp 1.00,nbp 1.00
181,HL_4Y1M_002,4Y1M,0.1261,0,GNRA,B,E. coli yybP-ykoY riboswitch,C,24,G,25,A,26,A,27,A,28,G,29,cWW 1.00,nbp 1.00,tSH 1.00,nbp 1.00,nbp 1.00,nbp 1.00
182,HL_3E5C_001,3E5C,0.144,0,GNRA,A,SMK box (SAM-III) Riboswitch,G,18,G,19,A,20,A,21,A,22,C,23,cWW 1.00,nbp 1.00,tSH 1.00,nbp 1.00,nbp 0.80,nbp 1.00
183,HL_3AM1_003,3AM1,0.1488,0,GNRA,B,ASL-truncated tRNA,C,45,G,46,A,47,G,48,A,49,G,50,cWW 1.00,nbp 1.00,tSH 1.00,nbp 1.00,nbp 1.00,nbp 1.00
185,HL_4R4V_004,4R4V,0.117,0,GNRA,A,VS ribozyme RNA,C,735,G,736,U,737,A,738,A,739,G,740,cWW 1.00,nbp 1.00,tSH 1.00,nbp 1.00,nbp 1.00,nbp 1.00
187,HL_5TPY_004,5TPY,0.1325,0,GNRA,A,RNA (71-MER),C,13,G,14,A,15,A,16,A,17,G,18,cWW 1.00,nbp 1.00,tSH 1.00,nbp 1.00,nbp 1.00,nbp 1.00
188,HL_3NMU_002,3NMU,0.1255,0,GNRA,E,RNA (34-MER),C,18,G,19,A,20,A,21,A,22,G,23,cWW 1.00,nbp 1.00,tSH 0.60,nbp 1.00,nbp 1.00,nbp 1.00
190,HL_7UQ6_002,7UQ6,0.1445,0,GNRA,B,tRNA,G,41,G,42,A,43,A,44,A,45,C,46,cWW 1.00,nbp 0.80,tSH 0.60,nbp 1.00,nbp 0.80,nbp 1.00
191,HL_4WF9_060,4WF9,0.1889,0,GNRA,X,LSU rRNA,C,2685,G,2686,A,2687,G,2688,A,2689,G,2690,cWW 1.00,nbp 1.00,tSH 1.00,nbp 1.00,nbp 1.00,nbp 1.00
192,HL_7QR0_001,7QR0,0.1743,0,GNRA,A,TRAC sgRNA,A,32,G,33,A,34,A,35,A,36,U,37,cWW 1.00,nbp 1.00,tSH 0.60,nbp 1.00,nbp 1.00,nbp 1.00
193,HL_7QQP_001,7QQP,0.1597,0,GNRA,A,AAVS1 sgRNA,A,32,G,33,A,34,A,35,A,36,U,37,cWW 1.00,nbp 1.00,tSH 0.80,nbp 1.00,nbp 1.00,nbp 1.00
194,HL_7ZO1_001,7ZO1,0.1472,0,GNRA,A,CD34 sgRNA,A,32,G,33,A,34,A,35,A,36,U,37,cWW 1.00,nbp 1.00,? 0.00,nbp 1.00,nbp 1.00,nbp 1.00
195,HL_4AOB_002,4AOB,0.16,0,GNRA,A,SAM-I riboswitch,A,49,A,50,A,51,A,52,A,53,U,54,cWW 1.00,nbp 1.00,tSH 1.00,nbp 1.00,nbp 1.00,nbp 1.00
197,HL_3IWN_001,3IWN,0.1446,0,GNRA,A,C-di-GMP riboswitch,C,21,G,22,A,23,A,24,A,25,G,26,cWW 1.00,nbp 0.80,nbp 0.4,nbp 1.00,nbp 1.00,nbp 1.00
199,HL_1MFQ_002,1MFQ,0.175,0,GNRA,A,SRP RNA,G,197,G,198,A,199,A,200,A,201,C,202,cWW 1.00,nbp 1.00,tSH 1.00,nbp 1.00,nbp 1.00,nbp 1.00
200,HL_6JDV_002,6JDV,0.1833,0,GNRA,B,sgRNA,U,86,G,87,A,88,A,89,A,90,A,91,cWW 1.00,nbp 1.00,tSH 1.00,nbp 1.00,nbp 1.00,nbp 1.00
202,HL_7ENI_001,7ENI,0.1585,0,GNRA,B,sgRNA (74-MER),G,34,G,35,A,36,A,37,A,38,C,39,cWW 1.00,nbp 0.80,tSH 1.00,nbp 1.00,nbp 0.80,nbp 1.00
204,HL_4LFB_003,4LFB,0.2285,0,GNRA,A,SSU rRNA,G,158,G,159,A,160,A,161,A,162,C,163,cWW 1.00,nbp 0.80,tSH 1.00,nbp 1.00,nbp 0.80,nbp 1.00
207,HL_4LFB_020,4LFB,0.1657,0,GNRA,A,SSU rRNA,C,897,G,898,C,899,A,900,A,901,G,902,cWW 1.00,nbp 1.00,tSH 1.00,nbp 1.00,nbp 1.00,nbp 1.00
209,HL_5M0J_001,5M0J,0.2019,0,GNRA,E,ASH1 E3 (28 nt-loop),C,12,G,13,A,14,A,15,A,16,G,17,cWW 1.00,nbp 1.00,tSH 1.00,nbp 1.00,nbp 1.00,nbp 1.00
210,HL_5M0J_002,5M0J,0.1625,0,GNRA,F,ASH1 E3 (28 nt-loop),C,12,G,13,A,14,A,15,A,16,G,17,cWW 1.00,nbp 1.00,tSH 1.00,nbp 1.00,nbp 1.00,nbp 1.00
211,HL_5M0I_001,5M0I,0.1564,0,GNRA,E,"ASH1-E3 element, RNA (28-MER)",C,12,G,13,A,14,A,15,A,16,G,17,cWW 1.00,nbp 1.00,tSH 1.00,nbp 1.00,nbp 1.00,nbp 1.00
213,HL_7ELQ_001,7ELQ,0.1546,0,GNRA,A,NMT1 RNA,C,22,G,23,A,24,A,25,A,26,G,27,cWW 1.00,nbp 1.00,tSH 1.00,nbp 1.00,nbp 1.00,nbp 1.00
215,HL_6N2V_003,6N2V,0.1219,0,GNRA,A,X. oryzae Mn riboswitch optimized construct,C,76,G,77,A,78,A,79,A,80,G,81,cWW 1.00,nbp 1.00,tSH 1.00,nbp 1.00,nbp 1.00,nbp 1.00
216,HL_5M0I_002,5M0I,0.1305,0,GNRA,F,"ASH1-E3 element, RNA (28-MER)",C,12,G,13,A,14,A,15,A,16,G,17,cWW 1.00,nbp 1.00,tSH 1.00,nbp 1.00,nbp 1.00,nbp 1.00
218,HL_3LQX_001,3LQX,0.1277,0,GNRA,B,SRP RNA,C,153,G,154,A,155,A,156,A,157,G,158,cWW 1.00,nbp 1.00,tSH 1.00,nbp 1.00,nbp 1.00,nbp 1.00
219,HL_6K4Q_001,6K4Q,0.1298,0,,A,sgRNA,A,32,G,33,A,34,A,35,A,36,U,37,cWW 1.00,nbp 1.00,tSH 1.00,nbp 1.00,nbp 1.00,nbp 1.00
220,HL_3NVI_002,3NVI,0.146,0,GNRA,F,RNA (24-mer),C,9,G,10,A,11,A,12,A,13,G,14,cWW 1.00,nbp 1.00,tSH 1.00,nbp 1.00,nbp 1.00,nbp 1.00
221,HL_4NLF_001,4NLF,0.1563,0,GNRA,A,23S ribosomal RNA Sarcin Ricin Loop,C,2658,G,2659,A,2660,G,2661,A,2662,G,2663,cWW 1.00,nbp 1.00,tSH 1.00,nbp 1.00,nbp 1.00,nbp 1.00
222,HL_8HZL_002,8HZL,0.1029,0,GNRA,B,RNA (84-MER),C,49,G,50,A,51,A,52,A,53,G,54,cWW 1.00,nbp 1.00,tSH 1.00,nbp 1.00,nbp 1.00,nbp 1.00
223,HL_6JOO_001,6JOO,0.1049,0,GNRA,B,Guide RNA,G,32,G,33,A,34,A,35,A,36,C,37,cWW 1.00,nbp 0.80,tSH 0.60,nbp 1.00,nbp 1.00,nbp 1.00
224,HL_6UFH_002,6UFH,0.121,0,GNRA,A,RNA (167-MER),G,45,G,46,A,47,A,48,A,49,C,50,cWW 1.00,nbp 0.80,nbp 0.60,nbp 1.00,nbp 1.00,nbp 1.00
226,HL_5F9F_003,5F9F,0.1556,0,GNRA,F,RNA (24-mer),A,10,G,11,U,12,G,13,A,14,U,15,cWW 1.00,nbp 1.00,nbp 0.60,nbp 1.00,nbp 1.00,nbp 1.00
228,HL_6N2V_001,6N2V,0.1479,0,GNRA,A,X. oryzae Mn riboswitch optimized construct,G,24,G,25,A,26,A,27,A,28,C,29,cWW 1.00,nbp 1.00,? 0.00,nbp 1.00,nbp 1.00,nbp 1.00
229,HL_5B2T_001,5B2T,0.1284,0,GNRA,A,Guide RNA,A,32,G,33,A,34,A,35,A,36,U,37,cWW 1.00,nbp 1.00,nbp 0.80,nbp 1.00,nbp 1.00,nbp 1.00
232,HL_3SUX_002,3SUX,0.1506,0,GNRA,X,THF riboswitch,C,65,G,66,A,67,A,68,A,69,G,70,cWW 1.00,nbp 1.00,? 0.00,nbp 1.00,nbp 1.00,nbp 1.00
237,HL_7A0S_020,7A0S,0.2102,0,GNRA,X,LSU rRNA,C,640,G,641,A,642,A,643,A,644,G,645,cWW 1.00,nbp 1.00,? 0.00,nbp 1.00,nbp 1.00,nbp 1.00
238,HL_7A0S_057,7A0S,0.1844,0,GNRA,X,LSU rRNA,G,2353,G,2354,A,2355,A,2356,A,2357,C,2358,cWW 1.00,nbp 1.00,? 0.00,nbp 1.00,nbp 1.00,nbp 1.00
239,HL_4WF9_054,4WF9,0.2055,0,GNRA,X,LSU rRNA,C,2401,G,2402,A,2403,A,2404,A,2405,G,2406,cWW 1.00,nbp 1.00,nbp 0.80,nbp 1.00,nbp 1.00,nbp 1.00
240,HL_1UN6_004,1UN6,0.1533,0,GNRA,F,5S RIBOSOMAL RNA,G,82,G,83,A,84,A,85,A,86,C,94,cWW 1.00,nbp 1.00,nbp 0.4,nbp 1.00,nbp 1.00,nbp 1.00
241,HL_4OQU_001,4OQU,0.1797,0,GNRA,A,SAM-I/IV riboswitch,G,13,G,14,A,15,G,16,A,17,C,18,cWW 1.00,nbp 1.00,nbp 0.80,nbp 1.00,nbp 1.00,nbp 1.00
242,HL_6CB3_005,6CB3,0.1915,0,GNRA,B,RNA (99-MER),G,50,G,51,A,52,A,53,A,54,C,55,cWW 1.00,nbp 1.00,? 0.00,nbp 1.00,nbp 1.00,nbp 1.00
243,HL_6UFG_004,6UFG,0.1461,0,GNRA,A,RNA (166-MER),C,105,G,106,A,107,A,108,A,109,G,110,cWW 1.00,nbp 0.80,tSH 0.80,nbp 1.00,nbp 1.00,nbp 1.00
244,HL_6CU1_002,6CU1,0.202,0,GNRA,A,Y RNA-like,C,42,G,43,A,44,A,45,A,46,G,47,cWW 1.00,nbp 0.80,? 0.00,nbp 1.00,nbp 1.00,nbp 1.00
245,HL_8VU0_002,8VU0,0.1947,0,GNRA,C,tRNA,C,33,G,34,A,35,A,36,A,37,G,38,cWW 1.00,nbp 0.80,? 0.00,nbp 1.00,nbp 1.00,nbp 1.00
246,HL_4PQV_001,4PQV,0.2435,0,GNRA,A,Flavivirus 3' UTR stem loop IV,C,13,G,14,A,15,A,16,A,17,G,18,cWW 1.00,nbp 1.00,nbp 0.60,nbp 1.00,nbp 1.00,nbp 1.00
247,HL_3E5C_002,3E5C,0.2004,0,GNRA,A,SMK box (SAM-III) Riboswitch,C,41,G,42,A,43,A,44,A,45,G,46,cWW 1.00,nbp 1.00,? 0.00,nbp 1.00,nbp 1.00,nbp 1.00
254,HL_5VW1_003,5VW1,0.2251,0,GNRA with GA tSW pair,C,sgRNA,U,72,G,73,A,74,A,75,A,76,A,77,cWW 1.00,nbp 1.00,nbp 0.60,nbp 1.00,nbp 1.00,nbp 1.00
255,HL_4ZT0_006,4ZT0,0.2381,0,GNRA with GA tSW pair,D,single-guide RNA,U,72,G,73,A,74,A,75,A,76,A,77,cWW 1.00,nbp 1.00,nbp 0.80,nbp 1.00,nbp 1.00,nbp 1.00
256,HL_5DDO_003,5DDO,0.213,0,GNRA with GA tSW pair,B,L-glutamine riboswitch (58-MER),G,11,G,12,A,13,A,14,A,15,C,16,cWW 1.00,nbp 1.00,nbp 0.80,nbp 1.00,nbp 1.00,nbp 1.00
257,HL_6MJ0_008,6MJ0,0.2514,0,GNRA with GA tSW pair,B,tRNA-like 3' UTR element,C,49,G,50,A,51,A,52,A,53,G,54,cWW 1.00,nbp 1.00,nbp 0.60,nbp 1.00,nbp 1.00,nbp 1.00
258,HL_7JNH_001,7JNH,0.2478,0,GNRA,B,Core double ENE RNA (Xtal construct) from Oryza sativa transposon,C,43,G,44,A,45,A,46,A,47,G,48,cWW 1.00,nbp 1.00,? 0.00,nbp 1.00,nbp 1.00,nbp 1.00
259,HL_6CB3_006,6CB3,0.2373,0,GNRA,B,RNA (99-MER),C,76,G,77,A,78,A,79,A,80,G,81,cWW 1.00,nbp 1.00,? 0.00,nbp 1.00,nbp 1.00,nbp 1.00
260,HL_3NKB_002,3NKB,0.2469,0,GNRA,B,The hepatitis delta virus ribozyme,C,49,G,50,A,51,A,52,A,53,G,54,cWW 1.00,nbp 1.00,? 0.00,nbp 1.00,nbp 1.00,nbp 1.00
261,HL_4LVW_002,4LVW,0.2619,0,GNRA,A,THF riboswitch,C,58,G,59,A,60,G,61,A,62,G,63,cWW 1.00,nbp 1.00,? 0.00,nbp 1.00,nbp 1.00,nbp 1.00
262,HL_7A0S_070,7A0S,0.2306,0,GNRA,Y,5S rRNA,C,88,G,89,C,90,A,91,G,92,G,93,cWW 1.00,nbp 0.80,? 0.00,nbp 1.00,nbp 1.00,nbp 1.00
264,HL_4WF9_065,4WF9,0.2689,0,GNRA,X,LSU rRNA,G,2876,G,2877,U,2878,G,2879,A,2880,C,2881,cWW 1.00,nbp 1.00,? 0.00,nbp 1.00,nbp 1.00,nbp 1.00
265,HL_7MRL_002,7MRL,0.227,0,GNRA,A,tRNA,G,34,G,35,A,36,A,37,A,38,C,39,cWW 1.00,nbp 1.00,nbp 0.80,nbp 1.00,nbp 1.00,nbp 1.00
266,HL_6DME_001,6DME,0.206,0,GNRA,A,ppGpp Riboswitch,C,25,G,26,A,27,G,28,A,29,G,30,cWW 1.00,nbp 1.00,? 0.00,nbp 1.00,nbp 1.00,nbp 1.00
269,HL_4QK9_002,4QK9,0.2049,0,GNRA,A,C-di-AMP riboswitch,C,56,G,57,U,58,A,59,A,60,G,61,cWW 1.00,nbp 1.00,? 0.00,nbp 1.00,nbp 1.00,nbp 1.00
270,HL_6U8D_002,6U8D,0.1505,0,GNRA,A,JIIIabc RNA (68-MER),G,180,G,198,A,199,A,200,A,201,C,219,cWW 1.00,nbp 1.00,nbp 0.60,nbp 1.00,nbp 1.00,nbp 1.00
271,HL_6JQ5_002,6JQ5,0.1743,0,GNRA,A,RNA (82-MER),C,45,G,46,A,47,A,48,A,49,G,50,cWW 1.00,nbp 1.00,nbp 0.80,nbp 1.00,nbp 1.00,nbp 1.00
272,HL_7MKY_002,7MKY,0.1667,0,GNRA,A,RNA (66-MER),G,40,G,41,A,42,A,43,A,44,C,45,cWW 1.00,nbp 1.00,? 0.00,nbp 1.00,nbp 1.00,nbp 1.00
273,HL_2OIU_003,2OIU,0.1853,0,GNRA,P,L1 Ribozyme RNA Ligase,C,59,G,60,A,61,A,62,A,63,G,64,cWW 1.00,nbp 1.00,? 0.00,nbp 1.00,nbp 1.00,nbp 1.00
274,HL_3NPQ_001,3NPQ,0.2357,0,GNRA,A,S-ADENOSYLHOMOCYSTEINE RIBOSWITCH,C,20,G,21,A,22,G,23,A,24,G,25,cWW 1.00,nbp 1.00,nbp 0.60,nbp 1.00,nbp 1.00,nbp 0.80
275,HL_4WF9_020,4WF9,0.2155,0,GNRA,X,LSU rRNA,C,674,G,675,A,676,A,677,A,678,G,679,cWW 1.00,nbp 1.00,nbp 0.80,nbp 1.00,nbp 1.00,nbp 0.80
276,HL_1U9S_004,1U9S,0.1698,0,GNRA,A,RIBONUCLEASE P,G,204,G,205,C,206,A,207,A,208,C,209,cWW 1.00,nbp 1.00,tSH 0.60,nbp 1.00,nbp 1.00,nbp 1.00
278,HL_2NZ4_008,2NZ4,0.1988,0,,Q,GlmS ribozyme,G,108,G,109,U,110,G,111,A,112,C,113,cWW 1.00,nbp 1.00,? 0.00,nbp 1.00,nbp 1.00,nbp 1.00
279,HL_7A0S_068,7A0S,0.2066,0,GNRA,X,LSU rRNA,A,2831,G,2832,C,2833,A,2834,A,2835,U,2836,cWW 1.00,nbp 0.80,nbp 0.4,nbp 1.00,nbp 1.00,nbp 1.00
280,HL_4LFB_028,4LFB,0.2202,0,GNRA,A,SSU rRNA,G,1265,G,1266,C,1267,A,1268,A,1269,C,1270,cWW 1.00,nbp 1.00,nbp 0.80,nbp 1.00,nbp 1.00,nbp 1.00
282,HL_4LFB_024,4LFB,0.2834,0,GNRA,A,SSU rRNA,C,1076,G,1077,U,1078,G,1079,A,1080,G,1081,cWW 1.00,nbp 1.00,nbp 0.60,nbp 1.00,nbp 1.00,nbp 0.80
286,HL_2Z75_004,2Z75,0.2682,0,GNRA,B,glmS ribozyme,G,113,G,114,C,115,G,116,A,117,C,118,cWW 1.00,nbp 1.00,nbp 0.60,nbp 1.00,nbp 1.00,nbp 1.00
287,HL_3IGI_003,3IGI,0.2434,0,GNRA,A,Group IIC intron,G,89,G,90,C,91,G,92,A,93,C,94,cWW 1.00,nbp 1.00,? 0.00,nbp 1.00,nbp 1.00,nbp 1.00
288,HL_7A0S_015,7A0S,0.2305,0,GNRA,X,LSU rRNA,C,473,G,474,U,475,G,476,A,477,G,478,cWW 1.00,nbp 1.00,? 0.00,nbp 1.00,nbp 1.00,nbp 0.80
293,HL_7KKV_001,7KKV,0.2577,0,GNRA,B,OLE* RNA,G,500,G,501,U,502,G,503,A,504,C,505,cWW 1.00,nbp 0.80,nbp 0.60,nbp 1.00,nbp 1.00,nbp 1.00
297,HL_4YAZ_003,4YAZ,0.2444,0,GNRA,R,Cyclic di-GMP-I riboswitch,C,25,G,26,C,27,G,28,A,29,G,30,cWW 1.00,nbp 1.00,? 0.00,nbp 1.00,nbp 1.00,nbp 1.00
298,HL_4WFL_003,4WFL,0.2196,0,GNRA,A,LSRP RNA,G,81,G,82,U,83,A,84,A,85,C,86,cWW 1.00,nbp 1.00,? 0.00,nbp 1.00,nbp 1.00,nbp 1.00
302,HL_4WF9_015,4WF9,0.2139,0,GNRA,X,LSU rRNA,C,508,G,509,U,510,G,511,A,512,G,513,cWW 1.00,nbp 1.00,nbp 0.80,nbp 1.00,nbp 1.00,nbp 0.80
306,HL_5U3G_002,5U3G,0.2139,0,GNRA,B,Guanidine-I riboswitch,C,47,G,48,A,49,A,50,A,51,G,52,cWW 1.00,nbp 1.00,tSH 1.00,nbp 1.00,nbp 1.00,nbp 1.00
307,HL_7A0S_062,7A0S,0.2443,0,GNRA,X,LSU rRNA,C,2573,G,2574,U,2575,G,2576,A,2577,G,2578,cWW 1.00,nbp 1.00,? 0.00,nbp 1.00,nbp 1.00,nbp 0.80
309,HL_4WF9_059,4WF9,0.2957,0,GNRA,X,LSU rRNA,C,2621,G,2622,U,2623,G,2624,A,2625,G,2626,cWW 1.00,nbp 1.00,nbp 0.60,nbp 1.00,nbp 1.00,nbp 1.00
317,HL_6UFH_004,6UFH,0.2468,0,GNRA,A,RNA (167-MER),C,106,G,107,A,108,A,109,A,110,G,111,cWW 1.00,nbp 0.80,nbp 0.60,nbp 1.00,nbp 1.00,nbp 1.00
318,HL_6YMC_001,6YMC,0.2194,0,GNRA,A,RNA (26-MER),G,11,G,12,A,13,A,14,A,15,C,16,cWW 1.00,nbp 1.00,tSH 0.60,nbp 1.00,nbp 1.00,nbp 1.00
321,HL_4C7O_001,4C7O,0.2717,0,GNRA,E,SRP RNA,C,19,G,20,G,21,A,22,A,23,G,24,cWW 1.00,nbp 1.00,? 0.00,nbp 1.00,nbp 1.00,nbp 1.00
324,HL_6M0X_001,6M0X,0.168,0,GNRA,B,RNA (71-MER),C,32,G,33,A,34,A,35,A,36,G,37,cWW 1.00,nbp 1.00,? 0.00,nbp 1.00,nbp 1.00,nbp 1.00
325,HL_4LFB_016,4LFB,0.2421,0,GNRA,A,SSU rRNA,C,726,G,727,A,728,A,729,G,730,G,731,cWW 1.00,nbp 1.00,? 0.00,nbp 1.00,nbp 1.00,nbp 1.00
329,HL_1G1X_005,1G1X,0.2419,0,GNRA,J,16S RIBOSOMAL RNA,C,726,G,727,A,728,A,729,G,730,G,731,cWW 1.00,nbp 1.00,? 0.00,nbp 1.00,nbp 1.00,nbp 1.00
330,HL_1G1X_003,1G1X,0.2489,0,GNRA,E,16S RIBOSOMAL RNA,C,726,G,727,A,728,A,729,G,730,G,731,cWW 1.00,nbp 1.00,? 0.00,nbp 1.00,nbp 1.00,nbp 1.00
331,HL_6SVS_001,6SVS,0.2418,0,GNRA,A,RNA (79-mer),C,26,G,27,A,28,A,29,A,30,G,31,cWW 1.00,nbp 0.80,? 0.00,nbp 1.00,nbp 1.00,nbp 1.00
332,HL_4OQU_004,4OQU,0.2312,0,GNRA,A,SAM-I/IV riboswitch,C,76,G,77,A,78,G,79,A,80,G,81,cWW 1.00,nbp 0.80,? 0.00,nbp 1.00,nbp 1.00,nbp 1.00
334,HL_6UFG_005,6UFG,0.2819,0,GNRA,A,RNA (166-MER),C,144,G,145,A,146,A,147,A,148,G,149,cWW 1.00,nbp 1.00,? 0.00,nbp 1.00,nbp 1.00,nbp 1.00
335,HL_6JDV_001,6JDV,0.2479,0,GNRA,B,sgRNA,G,48,G,49,A,50,A,51,A,52,C,53,cWW 1.00,nbp 1.00,? 0.00,nbp 1.00,nbp 1.00,nbp 1.00
336,HL_4LFB_022,4LFB,0.2474,0,GNRA,A,SSU rRNA,U,1012,G,1013,A,1014,A,1015,A,1016,G,1017,cWW 1.00,nbp 0.80,tSH 0.60,nbp 1.00,nbp 1.00,nbp 1.00
340,HL_4KQY_002,4KQY,0.3308,0,GNRA,A,SAM-I riboswitch,C,60,G,61,A,62,A,63,A,64,G,65,cWW 1.00,nbp 0.80,tSH 0.80,nbp 1.00,nbp 1.00,nbp 1.00
341,HL_7QR8_001,7QR8,0.5489,0,GNRA,A,PTPRC sgRNA,A,32,G,33,A,34,A,35,A,36,U,37,cWW 1.00,nbp 1.00,nbp 1.00,nbp 1.00,nbp 1.00,nbp 1.00
343,HL_7A0S_031,7A0S,0.4549,0,GNRA,X,LSU rRNA,C,1235,G,1236,G,1237,A,1238,A,1239,G,1240,cWW 1.00,nbp 1.00,nbp 0.80,nbp 1.00,nbp 1.00,nbp 1.00
344,HL_4WF9_031,4WF9,0.3851,0,GNRA,X,LSU rRNA,C,1260,G,1261,U,1262,A,1263,A,1264,G,1265,cWW 1.00,nbp 1.00,nbp 1.00,nbp 1.00,nbp 1.00,nbp 1.00
345,HL_3KTW_001,3KTW,0.5356,0,GNRA,C,SRP RNA,U,163,G,164,G,165,A,166,G,167,G,168,cWW 1.00,nbp 1.00,nbp 1.00,nbp 1.00,nbp 1.00,nbp 1.00
346,HL_1MFQ_001,1MFQ,0.4342,0,GNRA variation,A,SRP RNA,G,146,G,147,G,148,A,149,G,150,C,151,cWW 1.00,nbp 1.00,nbp 1.00,nbp 1.00,nbp 1.00,nbp 1.00
347,HL_1JID_001,1JID,0.4121,0,GNRA variation,B,HELIX 6 OF HUMAN SRP RNA,G,146,G,147,G,148,A,149,G,150,C,151,cWW 1.00,nbp 1.00,nbp 1.00,nbp 1.00,nbp 1.00,nbp 1.00
348,HL_1L9A_001,1L9A,0.4632,0,GNRA variation,B,signal recognition particle RNA S domain,G,146,G,147,G,148,A,149,G,150,C,151,cWW 1.00,nbp 1.00,nbp 1.00,nbp 1.00,nbp 1.00,nbp 1.00
351,HL_4WF9_034,4WF9,0.5133,0,GNRA,X,LSU rRNA,C,1400,G,1401,A,1402,C,1403,A,1404,G,1405,cWW 1.00,nbp 1.00,? 0.00,nbp 1.00,nbp 1.00,nbp 1.00
352,HL_7A0S_034,7A0S,0.5414,0,GNRA variation,X,LSU rRNA,C,1376,G,1377,A,1378,A,1379,C,1380,G,1381,cWW 1.00,nbp 1.00,nbp 1.00,nbp 1.00,nbp 1.00,nbp 1.00
355,HL_4LFB_032,4LFB,0.4529,0,GNRA,A,SSU rRNA,C,1515,G,1516,G,1517,MA6,1518,MA6,1519,G,1520,cWW 1.00,nbp 1.00,nbp 1.00,nbp 1.00,nbp 1.00,nbp 1.00
360,HL_1U9S_001,1U9S,0.6497,1,GNRA,A,RIBONUCLEASE P,G,84,U,85,A,86,A,87,C,88,C,90,cWW 1.00,nbp 1.00,nbp 1.00,nbp 1.00,nbp 0.80,nbp 1.00
