#S,Loop id,PDB,Disc,#Non-core,Chain(s),Standardized name,Unnamed: 7,1,Unnamed: 9,2,Unnamed: 11,3,Unnamed: 13,4,Unnamed: 15,5,Unnamed: 17,6,Unnamed: 19,7,Unnamed: 21,8,Unnamed: 23,9,Unnamed: 25,10,1-10,2-8,2-9,2-10
1,HL_7MLX_001,7MLX,0.5768,2,R,RNA (65-MER),G,11,U,12,A,15,G,16,C,17,C,18,C,19,G,20,U,21,C,22,cWW 1.00,nbp 1.00,nbp 0.60,nbp 1.00
3,HL_3HHN_006,3HHN,0.0,2,E,"Class I ligase ribozyme, self-ligation product",G,1,G,2,C,5,A,6,C,7,U,8,A,9,U,10,A,11,C,12,cWW 1.00,nbp 1.00,tSH 1.00,nbp 1.00
4,HL_2A64_006,2A64,0.2593,2,A,ribonuclease P RNA,C,313,G,314,G,317,C,318,A,319,U,320,G,321,C,322,A,323,G,324,cWW 1.00,nbp 0.80,nbp 0.4,nbp 0.80
5,HL_4RMO_001,4RMO,0.7641,2,B,RNA (45-MER),C,11,U,12,C,15,C,16,G,17,A,18,U,19,A,20,U,21,G,22,cWW 1.00,tWH 1.00,nbp 1.00,nbp 1.00
