#S,Loop id,PDB,Disc,#Non-core,Chain(s),Standardized name,Unnamed: 7,1,Unnamed: 9,2,Unnamed: 11,3,Unnamed: 13,4,Unnamed: 15,5,1-5,2-4,3-4,2-5
1,HL_4WF9_048,4WF9,0.7842,2,X,LSU rRNA,C,2236,U,2237,A,2239,C,2241,G,2242,cWW 1.00,nbp 0.80,nbp 0.80,nbp 1.00
3,HL_9F37_001,9F37,0.0883,1,V,5' end of the vRNA promoter,U,3,A,4,G,5,A,7,A,8,cWW 1.00,cSW 0.80,nbp 1.00,nbp 0.80
4,HL_7Z42_002,7Z42,0.0782,1,V,RNA (13-mer),U,3,A,4,G,5,A,7,A,8,cWW 1.00,cSW 1.00,nbp 1.00,nbp 1.00
5,HL_5FMZ_001,5FMZ,0.0717,1,H,RNA (12-mer),U,3,A,4,G,5,A,7,A,8,cWW 1.00,cSW 0.60,nbp 1.00,nbp 1.00
6,HL_6QCW_001,6QCW,0.0666,1,V,RNA (14-mer),U,3,A,4,G,5,A,7,A,8,cWW 1.00,cSW 0.80,nbp 1.00,nbp 1.00
7,HL_4WRT_001,4WRT,0.0,1,V,Influenza virus polymerase vRNA promoter 5' end,U,3,A,4,G,5,A,7,A,8,cWW 1.00,cSW 0.80,nbp 1.00,nbp 1.00
8,HL_4WSB_001,4WSB,0.0724,1,V,Influenza A polymerase vRNA promoter 5' end,U,3,A,4,G,5,A,7,A,8,cWW 1.00,nbp 0.60,nbp 1.00,nbp 0.80
10,HL_7ENI_002,7ENI,0.2623,2,B,sgRNA (74-MER),C,59,A,60,A,61,A,63,G,65,cWW 1.00,cSW 1.00,nbp 1.00,nbp 1.00
11,HL_7EL1_002,7EL1,0.2635,2,B,RNA (73-MER),C,59,A,60,A,61,A,63,G,65,cWW 1.00,cSW 0.80,nbp 1.00,nbp 1.00
