#S,Loop id,PDB,Disc,#Non-core,Annotation,Chain(s),Standardized name,Unnamed: 8,1,Unnamed: 10,2,Unnamed: 12,3,Unnamed: 14,4,Unnamed: 16,5,Unnamed: 18,6,Unnamed: 20,7,Unnamed: 22,8,Unnamed: 24,9,Unnamed: 26,10,1-10,2-9,1-9,2-10
1,HL_1F27_001,1F27,0.7822,0,Pseudoknot geometry,A,RNA (19-mer),U,7,C,8,A,9,G,10,A,11,G,12,G,13,A,14,C,15,A,16,cWW 1.00,nbp 1.00,nbp 1.00,nbp 1.00
2,HL_6VMY_005,6VMY,0.4274,0,,A,Cobalamin riboswitch,U,333,C,334,U,335,G,336,C,337,G,338,A,339,G,340,G,341,A,342,cWW 1.00,? 0.00,nbp 1.00,nbp 1.00
3,HL_2JLT_001,2JLT,0.0,0,,A,R06,G,5,G,6,U,7,C,8,C,9,C,10,A,11,G,12,A,13,C,14,cWW 1.00,cWW 1.00,nbp 0.80,nbp 0.80
4,HL_3SUX_001,3SUX,0.5799,0,,X,THF riboswitch,A,38,C,39,G,40,G,41,G,42,G,43,A,44,G,45,U,46,U,47,cWW 0.80,cWW 1.00,nbp 1.00,nbp 1.00
