#S,Loop id,PDB,Disc,#Non-core,Annotation,Chain(s),Standardized name,Unnamed: 8,1,Unnamed: 10,2,Unnamed: 12,3,Unnamed: 14,4,Unnamed: 16,5,Unnamed: 18,6,Unnamed: 20,7,Unnamed: 22,8,1-8,2-6,2-7,3-6
3,HL_7PMQ_003,7PMQ,0.3171,0,Anticodon loop related,F,RNA (42-MER),G,8,U,9,U,10,U,11,C,12,G,13,A,14,C,15,cWW 1.00,nbp 1.00,nbp 0.60,nbp 1.00
4,HL_9DE7_001,9DE7,0.0,0,,A,RNA (58-MER),C,29,C,30,G,31,A,32,A,33,A,34,A,35,G,36,cWW 1.00,nbp 1.00,cWW 0.60,tSH 1.00
5,HL_5UD5_002,5UD5,0.1886,1,tRNA anticodon loop,C,tRNA,A,31,C,32,U,33,C,34,A,36,A,37,A,38,U,39,cWW 1.00,nbp 1.00,cWW 1.00,nbp 0.80
7,HL_1H3E_002,1H3E,0.297,1,tRNA anticodon loop,B,tRNA,U,31,C,32,U,33,G,34,A,36,A,37,A,38,A,39,cWW 1.00,nbp 0.60,nbp 0.60,nbp 1.00
8,HL_6UFM_004,6UFM,0.5522,0,Pseudoknot geometry,B,RNA (98-MER),G,13,C,14,C,15,A,16,U,17,C,18,A,19,C,20,cWW 1.00,nbp 1.00,nbp 0.80,nbp 1.00
