#S,Loop id,PDB,Disc,#Non-core,Annotation,Chain(s),Standardized name,Unnamed: 8,1,Unnamed: 10,2,Unnamed: 12,3,Unnamed: 14,4,Unnamed: 16,5,Unnamed: 18,6,Unnamed: 20,7,Unnamed: 22,8,1-8,2-7,3-6,5-6,3-5
1,HL_7MLW_003,7MLW,0.4662,1,,F,Guanidine-I riboswitch,G,112,A,113,U,114,A,115,A,116,A,117,A,118,C,120,cWW 1.00,tWH 1.00,tWH 1.00,nbp 1.00,nbp 1.00
2,HL_6DLR_003,6DLR,0.4672,1,,A,Guanidine-I riboswitch,G,82,A,83,U,84,A,85,G,86,A,87,A,88,C,90,cWW 1.00,tWH 1.00,tWH 1.00,nbp 1.00,nbp 1.00
3,HL_5T83_003,5T83,0.4357,1,,A,Guanidine-I riboswitch,G,77,A,78,U,79,A,80,A,81,A,82,A,83,C,85,cWW 1.00,tWH 1.00,tWH 1.00,nbp 1.00,nbp 1.00
5,HL_4LFB_006,4LFB,0.1579,1,GNRA related,A,SSU rRNA,G,259,G,260,U,261,A,262,A,263,U,264,G,265,C,267,cWW 1.00,nbp 0.80,nbp 1.00,nbp 1.00,nbp 0.80
9,HL_2BH2_002,2BH2,0.5632,1,,D,23S RIBOSOMAL RNA 1932-1968,G,1949,G,1950,U,1951,A,1952,G,1954,U,1955,U,1956,C,1957,cWW 1.00,nbp 1.00,nbp 1.00,cSH 0.60,nbp 1.00
