#S,Loop id,PDB,Disc,#Non-core,Annotation,Chain(s),Standardized name,Unnamed: 8,1,Unnamed: 10,2,Unnamed: 12,3,Unnamed: 14,4,Unnamed: 16,5,Unnamed: 18,6,Unnamed: 20,7,Unnamed: 22,8,1-8,2-7,3-6,3-5
1,HL_4KQY_003,4KQY,0.3723,1,GNRA wlth tandem sheared,A,SAM-I riboswitch,C,94,U,95,C,96,G,97,A,98,A,99,C,100,G,102,cWW 1.00,nbp 1.00,nbp 0.80,nbp 1.00
2,HL_1E8O_001,1E8O,0.2889,0,GNRA wlth tandem sheared,E,7SL RNA,G,110,G,111,U,112,G,113,G,114,C,115,G,116,C,117,cWW 1.00,tSH 0.60,nbp 0.60,nbp 0.80
3,HL_5AOX_001,5AOX,0.2584,0,GNRA wlth tandem sheared,C,ALU JO CONSENSUS RNA,G,11,G,12,U,13,G,14,G,15,C,16,U,17,C,18,cWW 1.00,tSH 0.60,nbp 0.80,nbp 1.00
4,HL_4WF9_004,4WF9,0.2873,0,GNRA wlth tandem sheared,X,LSU rRNA,A,136,G,137,U,138,U,139,A,140,U,141,G,142,U,143,cWW 1.00,nbp 0.80,nbp 0.80,nbp 0.80
5,HL_5D8H_002,5D8H,0.1609,0,GNRA wlth tandem sheared,A,LSU rRNA,C,1202,G,1203,U,1204,A,1205,A,1206,C,1207,A,1208,G,1209,cWW 1.00,tSH 1.00,nbp 0.80,nbp 1.00
6,HL_6PRV_002,6PRV,0.1693,0,GNRA wlth tandem sheared,A,LSU rRNA,C,1092,G,1093,U,1094,A,1095,A,1096,U,1097,A,1098,G,1099,cWW 1.00,tSH 1.00,nbp 0.80,nbp 0.80
7,HL_1MMS_002,1MMS,0.1661,0,GNRA wlth tandem sheared,C,23S RIBOSOMAL RNA,C,1092,G,1093,U,1094,A,1095,A,1096,C,1097,A,1098,G,1099,cWW 1.00,tSH 1.00,nbp 0.60,nbp 0.80
11,HL_3HHN_010,3HHN,0.2474,0,GNRA wlth tandem sheared,E,"Class I ligase ribozyme, self-ligation product",G,92,U,93,U,94,A,95,A,96,A,97,A,98,C,99,cWW 1.00,tSH 0.60,nbp 0.60,nbp 0.80
