#S,Loop id,PDB,Disc,#Non-core,Chain(s),Standardized name,Unnamed: 7,1,Unnamed: 9,2,Unnamed: 11,3,Unnamed: 13,4,Unnamed: 15,5,Unnamed: 17,6,Unnamed: 19,7,Unnamed: 21,8,Unnamed: 23,9,1-9,8-9,1-7,1-8,7-9
1,HL_5KTJ_002,5KTJ,0.0844,0,A,Pistol (50-MER),G,33,C,34,U,35,C,36,A,37,A,38,A,39,G,40,C,41,cWW 1.00,cSH 0.60,nbp 0.80,nbp 1.00,nbp 1.00
2,HL_6UFJ_004,6UFJ,0.0,0,C,RNA (50-MER),G,33,C,34,U,35,C,36,A,37,A,38,A,39,G,40,C,41,cWW 1.00,cSH 0.80,nbp 0.80,nbp 1.00,nbp 1.00
3,HL_6UEY_004,6UEY,0.0764,0,C,Pistol ribozyme,G,33,C,34,U,35,C,36,A,37,A,38,A,39,G,40,C,41,cWW 1.00,cSH 0.60,nbp 0.80,nbp 1.00,nbp 1.00
4,HL_5K7D_002,5K7D,0.1497,0,A,RNA 47-MER,G,33,C,34,C,35,C,36,U,37,A,38,A,39,G,40,C,41,cWW 1.00,cSH 0.80,nbp 0.80,nbp 0.80,nbp 0.80
