#S,Loop id,PDB,Disc,#Non-core,Chain(s),Standardized name,Unnamed: 7,1,Unnamed: 9,2,Unnamed: 11,3,Unnamed: 13,4,Unnamed: 15,5,Unnamed: 17,6,Unnamed: 19,7,Unnamed: 21,8,1-8,2-7,3-6,3-7,4-6,6-7,2-6,2-8,2-3
1,HL_7A0S_009,7A0S,0.6079,4,X,LSU rRNA,A,254,A,255,C,256,G,257,C,258,G,263,U,264,U,265,nbp 0.80,cWW 0.80,? 0.00,nbp 1.00,nbp 1.00,cSH 0.60,nbp 0.80,cWW 0.60,nbp 1.00
2,HL_5E6M_001,5E6M,0.0,3,C,tRNA,G,12,U,13,A,14,G,15,U,16,A,21,U,22,C,23,cWW 1.00,cWW 0.80,cWS 1.00,nbp 1.00,nbp 1.00,nbp 1.00,nbp 1.00,nbp 1.00,nbp 1.00
3,HL_4QEI_001,4QEI,0.1172,3,C,tRNA,G,12,U,13,A,14,G,15,U,16,A,21,U,22,C,23,cWW 1.00,cWW 0.80,cWS 1.00,nbp 1.00,nbp 1.00,nbp 1.00,nbp 1.00,nbp 0.80,nbp 1.00
4,HL_2D6F_004,2D6F,0.2338,4,F,tRNA,G,912,U,913,A,914,G,915,U,916,A,921,U,922,C,923,cWW 1.00,cWW 0.60,nbp 1.00,nbp 1.00,cWS 0.80,nbp 1.00,nbp 1.00,nbp 1.00,nbp 0.80
5,HL_6ZDU_001,6ZDU,0.5809,4,C,"Chains: C,D",C,1271,C,1272,C,1273,G,1274,A,1275,G,1279,G,1281,G,1282,cWW 0.80,cWW 0.80,cWH 0.80,nbp 1.00,nbp 1.00,nbp 0.80,nbp 1.00,nbp 1.00,nbp 1.00
6,HL_4WF9_068,4WF9,0.7796,4,X,LSU rRNA,C,280,A,281,A,282,G,283,C,284,C,288,U,289,G,291,cWW 1.00,nbp 0.80,nbp 1.00,cWW 1.00,cWW 0.60,nbp 1.00,nbp 1.00,nbp 1.00,nbp 1.00
