#S,Loop id,PDB,Disc,#Non-core,Annotation,Chain(s),Standardized name,Unnamed: 8,1,Unnamed: 10,2,Unnamed: 12,3,break,Unnamed: 15,4,Unnamed: 17,5,Unnamed: 19,6,1-6,2-4,2-5,3-4,1-5
3,IL_7ELQ_002,7ELQ,0.6063,2,,A,NMT1 RNA,C,32,C,33,G,36,*,C,15,A,16,G,17,cWW 1.00,nbp 1.00,? 0.00,cWW 1.00,nbp 1.00
4,IL_7A0S_112,7A0S,0.5631,1,,Y,5S rRNA,G,66,C,67,G,69,*,C,19,A,20,C,21,cWW 0.80,nbp 1.00,cWW 0.80,cWW 0.80,nbp 1.00
5,IL_7DLZ_003,7DLZ,0.4693,1,,X,RNA (45-MER),C,33,C,34,C,36,*,G,12,A,13,G,14,cWW 1.00,nbp 1.00,? 0.00,cWW 1.00,nbp 1.00
7,IL_5ML7_010,5ML7,0.4083,1,Isolated non-canonical cWW with bulges,B,23S ribosomal RNA,G,2196,C,2197,A,2199,*,U,2181,A,2182,C,2183,cWW 1.00,nbp 1.00,cWW 0.80,cWW 1.00,nbp 1.00
8,IL_4PKD_001,4PKD,0.3525,1,Isolated non-canonical cWW with bulges,V,U1 snRNA stem-loops 1 and 2 (55-MER),A,86,U,87,C,89,*,G,106,U,107,U,108,cWW 1.00,nbp 1.00,cWW 0.80,cWW 1.00,nbp 0.80
9,IL_7A0S_089,7A0S,0.4217,2,Isolated non-canonical cWW with bulges,X,LSU rRNA,G,2553,C,2554,G,2557,*,C,2489,U,2490,C,2491,cWW 1.00,nbp 1.00,nbp 0.60,cWW 1.00,nbp 1.00
10,IL_4WF9_095,4WF9,0.3933,2,Isolated non-canonical cWW with bulges,X,LSU rRNA,G,2601,C,2602,G,2605,*,C,2537,U,2538,C,2539,cWW 1.00,nbp 1.00,cWW 0.80,cWW 1.00,nbp 1.00
16,IL_7QQX_004,7QQX,0.156,0,,C+A,FANCF off-target5 target strand,DA,11,DT,12,DG,13,*,C,8,U,9,U,10,nbp 0.80,nbp 1.00,nbp 1.00,nbp 0.80,nbp 1.00
19,IL_1MZP_001,1MZP,0.1297,0,Isolated non-canonical cWW pair,B,fragment of 23S rRNA,A,4,U,5,G,6,*,C,50,U,51,U,52,cWW 1.00,nbp 1.00,cWW 0.80,cWW 1.00,nbp 0.80
21,IL_4KZD_003,4KZD,0.1481,0,Isolated non-canonical cWW pair,R,RNA (84-MER),G,17,U,18,G,19,*,C,66,U,67,C,68,cWW 1.00,nbp 1.00,cWW 0.80,cWW 1.00,nbp 1.00
22,IL_3LOA_002,3LOA,0.2146,0,Isolated non-canonical cWW pair,B+A,RNA (23-mer),G,1494,U,1495,C,1496,*,G,1405,5BU,1406,C,1407,cWW 1.00,nbp 1.00,nbp 0.80,cWW 1.00,nbp 1.00
25,IL_4PCJ_001,4PCJ,0.1719,0,Isolated non-canonical cWW pair,A,trCUG-3('5),C,33,U,34,G,35,*,C,1,U,2,G,3,cWW 1.00,nbp 0.80,cWW 0.80,cWW 1.00,nbp 1.00
26,IL_5VCI_001,5VCI,0.1862,0,Isolated non-canonical cWW pair,B+A,RNA (12-mer),C,10,U,11,G,12,*,C,1,U,2,G,3,cWW 1.00,nbp 0.80,cWW 0.80,cWW 1.00,nbp 0.80
28,IL_4LFB_047,4LFB,0.188,0,Isolated non-canonical cWW pair,A,SSU rRNA,G,1061,U,1062,C,1063,*,G,1193,U,1194,C,1195,cWW 1.00,nbp 1.00,cWW 0.80,cWW 1.00,nbp 0.80
30,IL_4PCJ_002,4PCJ,0.2818,0,Isolated non-canonical cWW pair,A,trCUG-3('5),C,4,PSU,5,G,6,*,C,30,U,31,G,32,cWW 1.00,nbp 1.00,nbp 1.00,cWW 1.00,nbp 1.00
