#S,Loop id,PDB,Disc,#Non-core,Annotation,Chain(s),Standardized name,Unnamed: 8,1,Unnamed: 10,2,Unnamed: 12,3,Unnamed: 14,4,Unnamed: 16,5,Unnamed: 18,6,Unnamed: 20,7,break,Unnamed: 23,8,Unnamed: 25,9,Unnamed: 27,10,Unnamed: 29,11,Unnamed: 31,12,1-5,1-12,2-11,4-11,5-10,6-9,7-8,5-12,7-9,10-11,11-12,2-3,3-4,5-9
1,IL_6UFH_001,6UFH,0.2157,1,Kink-turn,A,RNA (167-MER),C,3,A,4,U,5,G,7,A,8,U,9,C,10,*,G,23,G,24,G,25,A,26,G,27,nbp 0.80,cWW 1.00,nbp 0.80,tSH 1.00,nbp 1.00,tHS 0.60,cWW 1.00,nbp 0.60,nbp 0.80,nbp 1.00,nbp 1.00,nbp 1.00,nbp 1.00,nbp 1.00
2,IL_4GXY_005,4GXY,0.1621,1,Kink-turn,A,Adenosylcobalamin riboswitch,C,139,G,140,A,141,G,143,A,144,U,145,C,146,*,G,82,G,83,G,84,A,85,G,86,nbp 0.80,cWW 1.00,nbp 0.80,tSH 1.00,? 0.00,tHS 0.60,cWW 1.00,nbp 0.80,nbp 1.00,nbp 0.80,nbp 0.80,nbp 1.00,nbp 1.00,nbp 1.00
3,IL_1T0K_001,1T0K,0.1527,1,Kink-turn,D+C,RNA (16-mer),C,54,A,55,G,56,G,58,A,59,U,60,G,61,*,C,9,G,10,G,11,A,12,G,13,nbp 1.00,cWW 1.00,? 0.00,tSH 0.60,? 0.00,nbp 0.60,cWW 1.00,nbp 0.80,nbp 1.00,nbp 0.80,nbp 0.80,nbp 0.80,nbp 1.00,nbp 1.00
4,IL_6UFM_001,6UFM,0.0,1,Kink-turn,B,RNA (98-MER),C,3,G,4,A,5,G,7,A,8,U,9,C,10,*,G,23,G,24,G,25,A,26,G,27,nbp 1.00,cWW 1.00,? 0.00,tSH 1.00,? 0.00,tHS 1.00,cWW 1.00,tSS 0.60,nbp 1.00,nbp 0.80,nbp 1.00,nbp 1.00,nbp 1.00,nbp 1.00
5,IL_6UFG_001,6UFG,0.0999,1,Kink-turn,A,RNA (166-MER),C,3,A,4,U,5,G,7,A,8,U,9,C,10,*,G,23,G,24,G,25,A,26,G,27,nbp 1.00,cWW 1.00,nbp 0.60,tSH 1.00,? 0.00,tHS 1.00,cWW 1.00,nbp 0.60,nbp 0.80,nbp 0.80,nbp 1.00,nbp 1.00,nbp 0.80,nbp 1.00
7,IL_4WF9_004,4WF9,0.1997,1,Kink-turn,X,LSU rRNA,C,97,U,98,U,99,G,101,A,102,U,103,C,104,*,G,81,G,82,G,83,A,84,G,85,nbp 1.00,cWW 1.00,nbp 0.60,tSH 1.00,nbp 0.40,tHS 1.00,cWW 1.00,nbp 1.00,nbp 1.00,nbp 0.80,nbp 0.80,nbp 1.00,nbp 1.00,nbp 0.80
