#S,Loop id,PDB,Disc,#Non-core,Annotation,Chain(s),Standardized name,Unnamed: 8,1,Unnamed: 10,2,Unnamed: 12,3,break,Unnamed: 15,4,Unnamed: 17,5,1-5,2-3,2-4,3-4,3-5
1,IL_4PCJ_004,4PCJ,0.5706,0,Major groove intercalation,A,trCUG-3('5),U,25,A,26,U,27,*,A,11,G,12,cWW 1.00,nbp 1.00,nbp 1.00,cWW 1.00,nbp 1.00
2,IL_5VCI_004,5VCI,0.5369,0,Major groove intercalation,B+A,RNA (12-mer),U,2,A,3,U,4,*,A,11,G,12,cWW 1.00,nbp 1.00,nbp 1.00,cWW 1.00,nbp 1.00
3,IL_1U6B_010,1U6B,0.5314,0,Major groove intercalation,B,197-MER,U,160,A,161,U,162,*,A,150,G,151,cWW 1.00,nbp 1.00,nbp 1.00,cWW 1.00,nbp 0.80
4,IL_5DCV_005,5DCV,0.5076,0,Major groove intercalation,D,RNA (47-MER),U,3,A,4,U,5,*,A,48,G,49,cWW 1.00,nbp 1.00,nbp 1.00,cWW 1.00,nbp 1.00
5,IL_5XTM_004,5XTM,0.4414,0,Major groove intercalation,D,RNA (47-MER),U,3,A,4,U,5,*,A,44,G,45,cWW 1.00,nbp 1.00,nbp 1.00,cWW 1.00,nbp 1.00
9,IL_4WF9_094,4WF9,0.0971,0,Major groove platform,X,LSU rRNA,U,2607,G,2608,G,2609,*,C,2534,G,2535,cWW 1.00,nbp 0.60,nbp 1.00,cWW 1.00,nbp 1.00
11,IL_7A0S_088,7A0S,0.1659,0,Major groove platform,X,LSU rRNA,U,2559,G,2560,G,2561,*,C,2486,G,2487,cWW 1.00,nbp 0.80,nbp 1.00,cWW 1.00,nbp 1.00
