#S,Loop id,PDB,Disc,#Non-core,Annotation,Chain(s),Standardized name,Unnamed: 8,1,Unnamed: 10,2,Unnamed: 12,3,Unnamed: 14,4,Unnamed: 16,5,Unnamed: 18,6,Unnamed: 20,7,Unnamed: 22,8,break,Unnamed: 25,9,Unnamed: 27,10,Unnamed: 29,11,Unnamed: 31,12,Unnamed: 33,13,Unnamed: 35,14,Unnamed: 37,15,1-15,2-14,3-13,4-12,5-6,6-11,7-10,8-9,3-14,3-12,7-9,4-5,6-12
1,IL_7A0S_045,7A0S,0.2692,0,8x7 Sarcin-Ricin; G-bulge,X,LSU rRNA,A,1275,U,1276,G,1277,A,1278,G,1279,U,1280,A,1281,A,1282,*,U,1994,G,1995,A,1996,A,1997,A,1998,U,1999,U,2000,cWW 1.00,cWW 0.80,tSH 1.00,nbp 0.60,cSH 1.00,tWH 1.00,tHS 1.00,cWW 1.00,nbp 1.00,nbp 1.00,nbp 1.00,nbp 1.00,nbp 1.00
3,IL_4WF9_048,4WF9,0.2797,0,8x7 Sarcin-Ricin; G-bulge,X,LSU rRNA,G,1300,U,1301,G,1302,A,1303,G,1304,U,1305,A,1306,G,1307,*,U,2038,G,2039,A,2040,A,2041,A,2042,U,2043,C,2044,cWW 1.00,cWW 0.80,tSH 1.00,tHH 1.00,nbp 0.60,nbp 0.60,tHS 1.00,cWW 1.00,nbp 1.00,nbp 1.00,nbp 1.00,nbp 1.00,nbp 1.00
7,IL_7A0S_007,7A0S,0.2058,0,8x7 Sarcin-Ricin; G-bulge,X,LSU rRNA,G,215,U,216,U,217,A,218,G,219,U,220,A,221,G,222,*,C,230,G,231,A,232,A,233,C,234,C,235,C,236,cWW 1.00,nbp 0.80,tSH 1.00,tHH 1.00,cSH 0.60,tWH 1.00,tHS 1.00,cWW 1.00,nbp 0.80,nbp 1.00,nbp 1.00,nbp 1.00,nbp 1.00
8,IL_4WF9_009,4WF9,0.2191,0,8x7 Sarcin-Ricin; G-bulge,X,LSU rRNA,C,241,U,242,U,243,A,244,G,245,U,246,A,247,G,248,*,C,256,G,257,A,258,A,259,A,260,C,261,G,262,cWW 1.00,nbp 0.80,tSH 0.80,tHH 1.00,cSH 0.80,tWH 1.00,tHS 1.00,cWW 1.00,nbp 1.00,nbp 0.80,nbp 1.00,nbp 1.00,nbp 1.00
9,IL_1JBR_001,1JBR,0.1577,0,8x7 Sarcin-Ricin; G-bulge,C+F,RNA (18-mer) + RNA (13-mer),C,6,U,7,C,8,A,9,G,10,U,11,A,12,C,13,*,G,18,G,19,A,20,A,21,C,22,C,23,G,24,cWW 1.00,nbp 0.60,tSH 1.00,tHH 1.00,cSH 1.00,tWH 1.00,tHS 1.00,cWW 1.00,nbp 1.00,nbp 1.00,nbp 0.80,nbp 1.00,nbp 1.00
13,IL_7A0S_006,7A0S,0.108,0,8x7 Sarcin-Ricin; G-bulge,X,LSU rRNA,C,178,U,179,C,180,A,181,G,182,U,183,A,184,C,185,*,G,165,G,166,A,167,A,168,C,169,U,170,G,171,cWW 1.00,cWW 0.80,tSH 0.80,tHH 1.00,nbp 0.60,tWH 1.00,tHS 1.00,cWW 1.00,nbp 1.00,nbp 1.00,nbp 1.00,nbp 0.80,nbp 0.80
