#S,Loop id,PDB,Disc,#Non-core,Annotation,Chain(s),Standardized name,Unnamed: 8,1,Unnamed: 10,2,Unnamed: 12,3,Unnamed: 14,4,break,Unnamed: 17,5,Unnamed: 19,6,1-2,1-3,1-6,3-6,4-5,3-5,4-6
1,IL_3RW6_001,3RW6,0.4167,0,Minor groove platform,H,constitutive transport element(CTE)of Mason-Pfizer monkey virus RNA,U,53,A,54,A,55,U,56,*,A,7,A,8,nbp 1.00,nbp 0.40,cWW 1.00,nbp 1.00,cWW 1.00,nbp 1.00,nbp 1.00
2,IL_3IWN_005,3IWN,0.1466,0,Minor groove platform,A,C-di-GMP riboswitch,A,51,A,52,A,53,C,54,*,G,71,U,72,cSH 0.60,nbp 0.80,cWW 1.00,nbp 0.4,cWW 1.00,nbp 1.00,nbp 1.00
3,IL_3MXH_005,3MXH,0.0,0,Minor groove platform,R,c-di-GMP riboswitch,A,61,A,62,A,63,C,64,*,G,76,U,77,cSH 0.60,nbp 0.80,cWW 1.00,nbp 0.80,cWW 1.00,nbp 0.80,nbp 1.00
4,IL_4LFB_049,4LFB,0.2661,1,Minor groove platform,A,SSU rRNA,C,1128,A,1130,G,1131,C,1132,*,G,1142,G,1143,nbp 1.00,nbp 1.00,cWW 1.00,nbp 0.60,cWW 0.60,nbp 1.00,nbp 0.80
