#S,Loop id,PDB,Disc,#Non-core,Chain(s),Standardized name,Unnamed: 7,1,Unnamed: 9,2,Unnamed: 11,3,break,Unnamed: 14,4,Unnamed: 16,5,Unnamed: 18,6,1-6,2-5,3-4,3-5,1-5,2-6
1,IL_7A0S_052,7A0S,0.3676,1,X,LSU rRNA,U,1447,A,1448,C,1449,*,G,1573,A,1574,G,1576,cWW 1.00,? 0.00,cWW 1.00,nbp 0.80,nbp 1.00,nbp 1.00
2,IL_8F4O_005,8F4O,0.0,1,B,TPP riboswitch (THI element),G,18,G,19,U,20,*,A,45,A,47,C,48,cWW 1.00,cWW 1.00,cWW 1.00,nbp 1.00,nbp 0.80,nbp 1.00
3,IL_7TZS_001,7TZS,0.2503,1,X,TPP riboswitch (THI element),G,18,G,19,U,20,*,A,45,A,47,C,48,cWW 1.00,cWW 1.00,cWW 1.00,nbp 1.00,nbp 0.80,nbp 0.80
4,IL_6RTI_005,6RTI,0.468,0,X,"Aptamer A9g, RNA (43-MER)",A,4,CFZ,5,CFZ,6,*,G,38,UFT,39,UFT,40,nbp 0.80,nbp 0.80,nbp 0.80,nbp 1.00,nbp 1.00,nbp 1.00
