#S,Loop id,PDB,Disc,#Non-core,Annotation,Chain(s),Standardized name,Unnamed: 8,1,Unnamed: 10,2,Unnamed: 12,3,Unnamed: 14,4,Unnamed: 16,5,break,Unnamed: 19,6,Unnamed: 21,7,Unnamed: 23,8,Unnamed: 25,9,Unnamed: 27,10,1-10,2-9,3-8,4-7,5-6,3-9,2-10,5-7
1,IL_7A0S_056,7A0S,0.4089,0,Triple sheared,X,LSU rRNA,C,1529,U,1530,C,1531,A,1532,G,1533,*,C,1491,A,1492,A,1493,G,1494,G,1495,cWW 1.00,nbp 0.80,nbp 0.80,tHS 0.80,cWW 1.00,nbp 0.80,nbp 0.80,nbp 1.00
4,IL_4WF9_093,4WF9,0.1248,0,Triple sheared,X,LSU rRNA,C,2493,C,2494,A,2495,A,2496,G,2497,*,C,2507,G,2508,A,2509,C,2510,G,2511,cWW 1.00,cWW 0.80,tSH 1.00,tHS 0.80,cWW 1.00,nbp 1.00,nbp 1.00,nbp 1.00
5,IL_7A0S_087,7A0S,0.1399,0,Triple sheared,X,LSU rRNA,C,2445,C,2446,G,2447,A,2448,G,2449,*,C,2459,G,2460,G,2461,C,2462,G,2463,cWW 1.00,? 0.00,? 0.00,tHS 1.00,cWW 1.00,nbp 1.00,nbp 1.00,nbp 1.00
10,IL_4WFL_001,4WFL,0.216,0,Triple sheared,A,LSRP RNA,U,72,C,73,G,74,A,75,G,76,*,C,91,G,92,A,93,C,94,A,95,cWW 1.00,cWW 0.80,tSH 1.00,tHS 1.00,cWW 1.00,nbp 0.80,nbp 1.00,nbp 1.00
12,IL_1U6B_002,1U6B,0.2943,0,Triple sheared,B,197-MER,G,84,C,85,A,86,A,87,C,88,*,G,56,A,57,A,58,A,59,C,60,cWW 1.00,cWW 1.00,tSH 1.00,tHS 1.00,cWW 1.00,nbp 1.00,nbp 1.00,nbp 1.00
13,IL_6ZDP_003,6ZDP,0.5725,1,,B,Chains: B,A,1298,C,1299,U,1300,U,1301,C,1302,*,G,1313,U,1314,U,1315,G,1317,U,1318,cWW 0.60,nbp 0.60,nbp 0.80,nbp 0.60,cWW 1.00,nbp 0.80,nbp 0.80,nbp 0.60
