#S,Loop id,PDB,Disc,#Non-core,Annotation,Chain(s),Standardized name,Unnamed: 8,1,Unnamed: 10,2,Unnamed: 12,3,Unnamed: 14,4,break,Unnamed: 17,5,Unnamed: 19,6,Unnamed: 21,7,1-7,2-6,3-4,3-6,4-5,2-4,3-5,4-6
1,IL_3V7E_003,3V7E,0.1191,0,Major groove platform with extra pair,C,SAM-I riboswitch,C,44,A,45,A,46,C,47,*,G,88,U,89,G,90,cWW 1.00,tSH 0.60,cSH 0.60,nbp 1.00,cWW 1.00,nbp 0.80,nbp 1.00,nbp 1.00
2,IL_4AOB_003,4AOB,0.1007,0,Major groove platform with extra pair,A,SAM-I riboswitch,C,44,A,45,A,46,C,47,*,G,56,U,57,G,58,cWW 1.00,tSH 0.60,nbp 0.60,nbp 1.00,cWW 1.00,nbp 0.80,nbp 1.00,nbp 1.00
3,IL_4OQU_001,4OQU,0.0666,0,Major groove platform with extra pair,A,SAM-I/IV riboswitch,C,24,A,25,A,26,C,27,*,G,46,U,47,G,48,cWW 1.00,tSH 0.60,cSH 0.60,nbp 1.00,cWW 1.00,nbp 0.80,nbp 0.80,nbp 0.80
4,IL_5FJC_003,5FJC,0.0,0,Major groove platform with extra pair,A,SAM-I riboswitch,C,44,A,45,A,46,C,47,*,G,56,U,57,G,58,cWW 1.00,tSH 0.60,cSH 1.00,nbp 1.00,cWW 1.00,nbp 1.00,nbp 1.00,nbp 1.00
5,IL_4KQY_003,4KQY,0.1754,0,Major groove platform with extra pair,A,SAM-I riboswitch,C,45,A,46,A,47,C,48,*,G,77,U,78,G,79,cWW 1.00,tSH 0.60,cSH 1.00,nbp 1.00,cWW 1.00,nbp 1.00,nbp 1.00,nbp 1.00
10,IL_5DO4_004,5DO4,0.5559,2,,A,RNA (25-MER),G,3,A,4,A,5,A,8,*,UMS,21,A,22,CFZ,23,nbp 0.80,nbp 0.80,nbp 1.00,cSW 1.00,nbp 0.80,nbp 1.00,nbp 1.00,nbp 1.00
