#S,Loop id,PDB,Disc,#Non-core,Annotation,Chain(s),Standardized name,Unnamed: 8,1,Unnamed: 10,2,Unnamed: 12,3,Unnamed: 14,4,Unnamed: 16,5,Unnamed: 18,6,break,Unnamed: 21,7,Unnamed: 23,8,Unnamed: 25,9,Unnamed: 27,10,1-10,2-9,3-8,6-7
1,IL_5U3G_001,5U3G,0.1669,0,tSH-tHW,B,Guanidine-I riboswitch,C,30,G,31,A,32,G,33,A,34,G,35,*,C,6,U,7,A,8,G,9,cWW 1.00,tSH 1.00,tHW 1.00,cWW 1.00
2,IL_5T83_001,5T83,0.1304,0,tSH-tHW,A,Guanidine-I riboswitch,C,42,A,43,A,44,G,45,A,46,G,47,*,C,12,U,13,A,14,G,15,cWW 1.00,tSH 1.00,tHW 1.00,cWW 1.00
3,IL_7MLW_002,7MLW,0.1544,0,,F,Guanidine-I riboswitch,C,51,G,52,A,53,G,54,A,55,G,56,*,C,7,U,8,A,9,G,10,cWW 1.00,tSH 1.00,tHW 1.00,cWW 1.00
4,IL_6CK5_001,6CK5,0.1098,0,tSH-tHW,A,Guanidine-I riboswitch,C,45,G,46,A,47,G,48,C,49,G,50,*,C,12,U,13,A,14,G,15,cWW 1.00,tSH 1.00,tHW 1.00,cWW 1.00
5,IL_6DLR_001,6DLR,0.0,0,tSH-tHW,A,Guanidine-I riboswitch,C,45,A,46,A,47,G,48,U,49,G,50,*,C,12,U,13,A,14,G,15,cWW 1.00,tSH 1.00,tHW 1.00,cWW 1.00
6,IL_6DME_001,6DME,0.1489,0,tSH-tHW,A,ppGpp Riboswitch,C,40,A,41,A,42,G,43,C,44,G,45,*,C,11,U,12,A,13,G,14,cWW 1.00,tSH 1.00,tWW 0.60,cWW 1.00
