#S,Loop id,PDB,Disc,#Non-core,Chain(s),Standardized name,Unnamed: 7,1,Unnamed: 9,2,Unnamed: 11,3,Unnamed: 13,4,Unnamed: 15,5,Unnamed: 17,6,Unnamed: 19,7,Unnamed: 21,8,break,Unnamed: 24,9,Unnamed: 26,10,1-10,8-9
1,IL_7JRS_001,7JRS,0.0879,0,A,RNA 3D nanocage,A,39,G,40,C,41,C,42,U,43,G,44,C,45,C,46,*,G,93,U,94,cWW 1.00,cWW 1.00
2,IL_7JRS_009,7JRS,0.0,0,B,RNA 3D nanocage,G,104,G,105,C,106,G,107,U,108,C,109,C,110,C,111,*,G,28,C,29,cWW 1.00,cWW 1.00
3,IL_7JRS_005,7JRS,0.237,0,B,RNA 3D nanocage,A,39,G,40,C,41,C,42,U,43,G,44,C,45,C,46,*,G,93,U,94,cWW 1.00,cWW 1.00
4,IL_7JRS_008,7JRS,0.2349,0,A,RNA 3D nanocage,G,104,G,105,C,106,G,107,U,108,C,109,C,110,C,111,*,G,28,C,29,cWW 0.80,cWW 1.00
5,IL_3R4F_001,3R4F,0.9301,0,A,pRNA,G,14,G,15,A,16,A,17,A,18,C,19,C,20,C,21,*,G,34,C,35,cWW 1.00,cWW 1.00
