#S,Loop id,PDB,Disc,#Non-core,Annotation,Chain(s),Standardized name,Unnamed: 8,1,Unnamed: 10,2,Unnamed: 12,3,Unnamed: 14,4,Unnamed: 16,5,break,Unnamed: 19,6,Unnamed: 21,7,Unnamed: 23,8,1-8,2-7,3-4,3-5,4-7,5-6,3-6,3-7,4-6,1-7,2-4
2,IL_4PDB_001,4PDB,0.5593,0,Other IL,I,SELEX RNA aptamer,C,9,A,10,G,11,U,12,G,13,*,C,28,A,29,G,30,cWW 1.00,cWW 0.80,nbp 1.00,cSH 0.80,nbp 1.00,cWW 1.00,nbp 0.80,nbp 0.80,nbp 1.00,nbp 1.00,nbp 1.00
3,IL_6M0X_001,6M0X,0.1593,0,,B,RNA (71-MER),A,38,A,39,G,40,C,41,U,42,*,A,29,C,30,U,31,cWW 1.00,cWW 0.60,nbp 0.80,nbp 0.60,cWW 0.80,cWW 1.00,nbp 0.80,nbp 1.00,nbp 0.80,nbp 0.80,nbp 1.00
4,IL_7EL1_001,7EL1,0.0,0,,B,RNA (73-MER),A,42,A,43,U,44,C,45,U,46,*,A,29,C,30,U,31,cWW 1.00,cWW 0.60,nbp 1.00,nbp 1.00,cWW 0.80,cWW 1.00,nbp 1.00,nbp 1.00,nbp 0.80,nbp 1.00,nbp 1.00
5,IL_7ENI_001,7ENI,0.1029,0,,B,sgRNA (74-MER),A,42,A,43,U,44,C,45,U,46,*,A,29,C,30,U,31,cWW 1.00,nbp 0.80,nbp 0.80,nbp 1.00,nbp 0.60,cWW 1.00,nbp 1.00,nbp 1.00,nbp 0.80,nbp 1.00,nbp 1.00
6,IL_6DME_002,6DME,0.3615,0,8-nt loop receptor,A,ppGpp Riboswitch,G,15,G,16,A,17,U,18,C,19,*,G,37,A,38,C,39,cWW 1.00,cWW 1.00,nbp 0.80,nbp 0.60,nbp 0.60,cWW 1.00,nbp 0.80,nbp 0.80,nbp 1.00,nbp 1.00,nbp 0.80
7,IL_6CK5_002,6CK5,0.4077,0,8-nt loop receptor,A,Guanidine-I riboswitch,G,16,G,17,U,18,U,19,C,20,*,G,42,A,43,C,44,cWW 1.00,cWW 0.80,cSH 0.60,? 0.00,tHS 0.60,cWW 1.00,nbp 1.00,nbp 1.00,nbp 1.00,nbp 1.00,nbp 0.80
