#S,Loop id,PDB,Disc,#Non-core,Chain(s),Standardized name,Unnamed: 7,1,Unnamed: 9,2,Unnamed: 11,3,Unnamed: 13,4,Unnamed: 15,5,Unnamed: 17,6,break,Unnamed: 20,7,Unnamed: 22,8,Unnamed: 24,9,Unnamed: 26,10,Unnamed: 28,11,Unnamed: 30,12,1-12,2-11,5-8,6-7,3-9,5-7,2-10,2-12
1,IL_6N5P_001,6N5P,0.1296,0,A,cyclic di-AMP riboswitch,G,31,G,32,A,33,A,34,C,35,C,36,*,G,99,C,100,U,101,A,102,A,103,C,104,cWW 1.00,tSH 1.00,cWW 0.80,cWW 1.00,nbp 0.80,nbp 0.80,nbp 1.00,nbp 1.00
2,IL_4QLM_002,4QLM,0.1136,0,A,cyclic di-AMP riboswitch,G,27,G,28,A,29,C,30,C,31,C,32,*,G,96,C,97,U,98,A,99,A,100,C,101,cWW 1.00,tSH 1.00,? 0.00,cWW 1.00,nbp 0.60,nbp 1.00,nbp 1.00,nbp 1.00
3,IL_4QK9_001,4QK9,0.0,0,A,C-di-AMP riboswitch,G,29,G,30,A,31,C,32,C,33,C,34,*,G,98,C,99,U,100,A,101,A,102,C,103,cWW 1.00,tSH 1.00,cWW 0.80,cWW 1.00,nbp 0.80,nbp 1.00,nbp 0.80,nbp 1.00
4,IL_4W90_002,4W90,0.0958,0,C,cyclic di-AMP riboswitch,G,28,G,29,A,30,C,31,C,32,C,33,*,G,101,C,102,U,103,A,104,A,105,C,106,cWW 1.00,tSH 1.00,cWW 0.80,cWW 1.00,nbp 0.60,nbp 1.00,nbp 0.80,nbp 0.80
