#S,Loop id,PDB,Disc,#Non-core,Annotation,Chain(s),Standardized name,Unnamed: 8,1,Unnamed: 10,2,Unnamed: 12,3,Unnamed: 14,4,Unnamed: 16,5,Unnamed: 18,6,break,Unnamed: 21,7,Unnamed: 23,8,Unnamed: 25,9,Unnamed: 27,10,1-10,2-9,4-9,5-8,6-7,2-3,8-9,9-10,4-5,5-7
1,IL_3SIV_003,3SIV,0.0865,1,Kink-turn from U4,F+C,U4atac snRNA,C,33,A,34,A,35,G,37,A,38,G,39,*,U,47,G,48,A,49,G,50,cWW 1.00,nbp 0.60,tSH 1.00,tHS 1.00,cWW 1.00,nbp 0.80,nbp 0.80,nbp 0.80,nbp 1.00,nbp 1.00
2,IL_3SIU_002,3SIU,0.0785,1,Kink-turn from U4,F,U4atac snRNA,C,33,A,34,A,35,G,37,A,38,G,39,*,U,47,G,48,A,49,G,50,cWW 1.00,nbp 0.60,tSH 1.00,tHS 1.00,cWW 1.00,nbp 0.80,nbp 1.00,nbp 0.80,nbp 1.00,nbp 1.00
3,IL_3SIV_001,3SIV,0.0,1,Kink-turn from U4,C+F,U4atac snRNA,C,33,A,34,A,35,G,37,A,38,G,39,*,U,47,G,48,A,49,G,50,cWW 1.00,nbp 0.40,tSH 1.00,tHS 1.00,cWW 1.00,nbp 1.00,nbp 1.00,nbp 1.00,nbp 1.00,nbp 1.00
4,IL_4LCK_006,4LCK,0.2384,1,Kink-turn from T-box riboswitch,F,T-BOX RIBOSWITCH STEM I,C,6,G,7,A,8,G,10,A,11,G,12,*,C,94,G,95,A,96,G,97,cWW 1.00,? 0.00,tSH 1.00,tHS 0.60,cWW 1.00,nbp 1.00,nbp 1.00,nbp 1.00,nbp 1.00,nbp 1.00
5,IL_2OZB_002,2OZB,0.2619,1,Kink-turn from U4,C,RNA comprising the 5' Stem-Loop RNA of  U4snRNA,C,28,A,29,A,30,G,32,A,33,G,34,*,C,42,G,43,A,44,G,45,cWW 1.00,? 0.00,tSH 1.00,tHS 1.00,cWW 1.00,nbp 1.00,nbp 1.00,nbp 1.00,nbp 1.00,nbp 1.00
6,IL_1E7K_001,1E7K,0.3546,1,Kink-turn from U4,C,RNA (22-mer),C,28,A,29,A,30,G,32,A,33,G,34,*,C,42,G,43,A,44,G,45,cWW 1.00,nbp 0.60,tSH 1.00,tHS 1.00,cWW 1.00,nbp 0.80,nbp 1.00,nbp 1.00,nbp 0.80,nbp 0.80
