#S,Loop id,PDB,Disc,#Non-core,Annotation,Chain(s),Standardized name,Unnamed: 8,1,Unnamed: 10,2,Unnamed: 12,3,Unnamed: 14,4,Unnamed: 16,5,break,Unnamed: 19,6,Unnamed: 21,7,Unnamed: 23,8,Unnamed: 25,9,Unnamed: 27,10,1-3,1-10,4-10,5-6,6-9,4-6,1-4,1-9,6-10
1,IL_4WF9_115,4WF9,0.2116,0,Symmetric double minor groove platform,Y,5S rRNA,U,32,U,33,C,34,C,35,C,36,*,G,42,A,43,A,44,C,45,A,46,nbp 1.00,cWW 1.00,nbp 0.60,cWW 1.00,tSW 0.80,nbp 0.80,nbp 1.00,nbp 1.00,nbp 1.00
6,IL_5NS3_002,5NS3,0.106,0,Symmetric double minor groove platform,C,double-stranded RNA,A,34,C,35,C,36,C,37,C,38,*,G,44,A,45,A,46,C,47,U,48,nbp 0.60,cWW 1.00,cWS 0.80,cWW 1.00,tSW 1.00,nbp 1.00,nbp 0.80,nbp 0.80,nbp 1.00
8,IL_7A0S_113,7A0S,0.4122,0,,Y,5S rRNA,A,36,C,37,C,38,C,39,C,40,*,G,46,A,47,A,48,C,49,U,50,nbp 0.80,cWW 0.60,nbp 1.00,cWW 1.00,nbp 0.60,nbp 0.80,nbp 0.80,nbp 1.00,nbp 0.80
9,IL_1MJI_004,1MJI,0.7368,0,Symmetric double minor groove platform,D,5S rRNA fragment,A,34,C,35,C,36,C,37,C,38,*,G,44,A,45,A,46,C,47,U,48,nbp 0.40,cWW 1.00,cWS 0.80,cWW 1.00,tSW 1.00,nbp 1.00,nbp 0.80,nbp 0.80,nbp 1.00
