#S,Loop id,PDB,Disc,#Non-core,Chain(s),Standardized name,Unnamed: 7,1,Unnamed: 9,2,Unnamed: 11,3,Unnamed: 13,4,Unnamed: 15,5,Unnamed: 17,6,Unnamed: 19,7,Unnamed: 21,8,Unnamed: 23,9,Unnamed: 25,10,1-10,2-9,4-7,5-7,8-9,2-8,1-9,4-8
1,HL_4ATO_001,4ATO,0.6132,1,G,ToxI antitoxin,U,15,U,16,A,17,C,18,C,19,G,20,A,22,G,23,U,24,A,25,"cWW,cWW,cWW,cWW,cWW","cwW,cWW,cWW,cWW,cWW","nbp,nbp,cSS,nbp,nbp","nbp,nbp,nbp,nbp,nbp","cSH,cSH,cSH,cSH,cSH","nbp,cWW,nbp,nbp,nbp","nbp,nbp,nbp,nbp,nbp","nbp,nbp,nbp,nbp,nbp"
2,HL_5SWD_004,5SWD,0.1243,1,B,Purine riboswitch,A,30,U,31,G,32,A,33,U,34,A,35,G,37,G,38,U,39,U,40,"cWW,cWW,cWW,cWW,cWW","cwW,cWW,cWW,cWW,cWW","nbp,cSS,nbp,nbp,nbp","ncSs,cSS,nbp,cSS,nbp","nbp,nbp,nbp,nbp,nbp","nbp,nbp,nbp,nbp,nbp","nbp,cWW,nbp,nbp,nbp","nbp,cSS,nbp,nbp,nbp"
3,HL_3LA5_001,3LA5,0.0835,1,A,Purine riboswitch,A,30,U,31,G,32,A,33,U,34,A,35,G,37,G,38,U,39,U,40,"cWW,cWW,cWW,cWW,cWW","cwW,cWW,cWW,cWW,cWW","nbp,cSS,cSS,nbp,nbp","ncSs,cSS,nbp,cSS,nbp","nbp,nbp,nbp,nbp,nbp","nbp,nbp,nbp,nbp,nbp","nbp,cWW,nbp,nbp,nbp","nbp,cSS,nbp,nbp,nbp"
4,HL_4LX6_001,4LX6,0.0,1,A,Purine riboswitch,A,30,U,31,G,32,A,33,U,34,A,35,G,37,G,38,U,39,U,40,"cWW,cWW,cWW,cWW,cWW","cwW,cWW,cWW,cWW,cWW","nbp,nbp,cSS,nbp,nbp","ncSs,cSS,nbp,nbp,nbp","nbp,nbp,nbp,nbp,nbp","nbp,nbp,nbp,nbp,nbp","nbp,cWW,nbp,nbp,nbp","nbp,cSS,nbp,nbp,nbp"
5,HL_4XNR_001,4XNR,0.0596,1,X,Purine riboswitch,A,30,U,31,G,32,A,33,U,34,A,35,G,37,G,38,U,39,U,40,"cWW,cWW,cWW,cWW,cWW","cwW,cWW,cWW,cWW,cWW","nbp,cSS,cSS,nbp,nbp","ncSs,cSS,nbp,nbp,nbp","nbp,nbp,nbp,nbp,nbp","nbp,nbp,nbp,nbp,nbp","nbp,cWW,nbp,nbp,nbp","nbp,nbp,nbp,nbp,nbp"
6,HL_1Y26_001,1Y26,0.0601,1,X,Purine riboswitch,A,30,U,31,G,32,A,33,U,34,A,35,G,37,G,38,U,39,U,40,"cWW,cWW,cWW,cWW,cWW","cwW,cWW,cWW,cWW,cWW","ncsS,cSS,cSS,nbp,nbp","ncSs,cSS,nbp,nbp,nbp","nbp,nbp,nbp,nbp,nbp","nbp,nbp,nbp,nbp,nbp","nbp,cWW,nbp,nbp,nbp","nbp,nbp,nbp,nbp,nbp"
7,HL_8KEB_001,8KEB,0.0815,1,A,RNA (72-MER),A,18,U,19,G,20,A,21,U,22,A,23,G,25,G,26,U,27,U,28,"cWW,cWW,cWW,cWW,cWW","cwW,cWW,cWW,cWW,cWW","ncsS,cSS,cSS,nbp,nbp","nbp,nbp,nbp,nbp,nbp","nbp,nbp,nbp,nbp,nbp","nbp,nbp,nbp,nbp,nbp","nbp,cWW,nbp,nbp,nbp","nbp,nbp,nbp,nbp,nbp"
8,HL_3IVN_001,3IVN,0.1901,1,A,Purine riboswitch,A,21,U,22,G,23,A,24,U,25,A,26,G,28,G,29,U,30,U,31,"cWW,cWW,cWW,cWW,cWW","cwW,cWW,cWW,cWW,cWW","nbp,nbp,cSS,nbp,nbp","ncSs,cSS,nbp,nbp,nbp","nbp,nbp,nbp,nbp,nbp","nbp,nbp,nbp,nbp,nbp","nbp,nbp,nbp,nbp,nbp","nbp,cSS,nbp,nbp,nbp"
9,HL_7KVT_001,7KVT,0.2374,1,B,Squash RNA aptamer bound to DFHBI-1T with iridium (III) ions,A,23,U,24,A,25,A,26,U,27,A,28,G,30,G,31,U,32,U,33,"cWW,cWW,cWW,cWW,cWW","cwW,cWW,cWW,cWW,cWW","nbp,nbp,nbp,nbp,nbp","nbp,nbp,nbp,nbp,nbp","nbp,nbp,nbp,nbp,nbp","nbp,nbp,nbp,nbp,nbp","nbp,nbp,nbp,nbp,nbp","nbp,cSS,nbp,nbp,nbp"
