#S,Loop id,PDB,Disc,#Non-core,Annotation,Chain(s),Standardized name,Unnamed: 8,1,Unnamed: 10,2,Unnamed: 12,3,Unnamed: 14,4,Unnamed: 16,5,Unnamed: 18,6,Unnamed: 20,7,Unnamed: 22,8,1-8,2-7,3-6,3-7,3-5,1-7
1,HL_3R9X_002,3R9X,0.4902,0,GNRA related,C,RNA301,G,1514,G,1515,G,1516,G,1517,A,1518,A,1519,C,1520,C,1521,"ncWW,cWW,nbp,cWW,cWW","nbp,cWW,nbp,nbp,nbp","nbp,nbp,nbp,nbp,nbp","ncWW,cWW,nbp,nbp,cWW","nbp,tWH,nbp,tSH,tWH","nbp,nbp,nbp,nbp,nbp"
2,HL_8KAL_001,8KAL,0.3718,0,GNRA with extra cWW,A,RNA (98-MER),U,31,A,32,G,33,A,34,A,35,A,36,U,37,A,38,"ncWW,cWW,cWW,cWW,nbp","nbp,cWW,nbp,cWW,cWW","nbp,nbp,nbp,nbp,nbp","nbp,nbp,nbp,nbp,nbp","nbp,nbp,nbp,nbp,nbp","nbp,nbp,nbp,nbp,nbp"
3,HL_4WF9_053,4WF9,0.0,0,GNRA with extra cWW,X,LSU rRNA,C,2382,C,2383,U,2384,A,2385,C,2386,A,2387,A,2388,G,2389,"cWW,cWW,cWW,cWW,cWW","ncWW,cWW,cWW,cWW,nbp","nbp,nbp,nbp,nbp,nbp","nbp,nbp,nbp,nbp,nbp","nbp,nbp,nbp,nbp,nbp","nbp,nbp,nbp,nbp,nbp"
5,HL_7A0S_056,7A0S,0.2708,0,GNRA with extra cWW,X,LSU rRNA,C,2334,U,2335,G,2336,A,2337,C,2338,A,2339,C,2340,G,2341,"cWW,cWW,cWW,cWW,cWW","nbp,tSH,nbp,nbp,nbp","ntSH,tSH,tSH,nbp,nbp","nbp,nbp,nbp,nbp,nbp","nbp,nbp,nbp,nbp,nbp","nbp,nbp,nbp,nbp,nbp"
6,HL_7QR8_003,7QR8,0.3907,0,GNRA with extra tWH,A,PTPRC sgRNA,U,71,U,72,G,73,A,74,A,75,A,76,A,77,A,78,"cWW,cWW,cWW,cWW,cWW","nbp,cWH,nbp,nbp,cWH","ntSH,tSH,tSH,tSH,tWH","nbp,nbp,nbp,nbp,nbp","nbp,nbp,nbp,nbp,nbp","nbp,nbp,nbp,nbp,nbp"
7,HL_3RG5_006,3RG5,0.4351,1,tRNA anticodon loop,B,Selenocysteine transfer RNA,G,31,C,32,U,33,C,35,A,36,A,37,A,38,C,39,"cWW,cWW,cWW,cWW,cWW","cWW,cWW,cWW,cWW,cWW","nbp,tSH,nbp,nbp,nbp","nbp,nbp,nbp,nbp,nbp","nbp,nbp,nbp,nbp,nbp","nbp,cWW,nbp,nbp,nbp"
