#S,Loop id,PDB,Disc,#Non-core,Annotation,Chain(s),Standardized name,Unnamed: 8,1,Unnamed: 10,2,Unnamed: 12,3,Unnamed: 14,4,Unnamed: 16,5,1-5,2-4,1-2,3-4
2,HL_7EQJ_004,7EQJ,0.3495,5,tRNA D-loop,B,tRNA,C,13,A,14,G,15,A,21,G,22,"cWW,cWW,cWW,cWW,cWW","nbp,tHS,nbp,nbp,nbp","nbp,cSH,nbp,nbp,nbp","nbp,nbp,nbp,nbp,nbp"
3,HL_7UQ6_001,7UQ6,0.3245,4,tRNA D-loop,B,tRNA,C,13,A,14,G,15,A,20,G,21,"cWW,cWW,cWW,cWW,cWW","nbp,cWS,nbp,nbp,nbp","nbp,cSH,nbp,nbp,nbp","nbp,nbp,nbp,nbp,nbp"
5,HL_6JXM_001,6JXM,0.2238,4,tRNA D-loop,B,tRNA,C,13,A,14,G,15,A,20,G,21,"cWW,cWW,cWW,cWW,cWW","ncWS,cWS,cWS,nbp,nbp","nbp,nbp,nbp,nbp,nbp","nbp,cSS,nbp,nbp,nbp"
6,HL_2AZX_004,2AZX,0.2169,4,tRNA D-loop,D,72-MER,C,513,A,514,A,515,A,521,G,522,"cWW,cWW,cWW,cWW,cWW","cWS,cWS,cWS,tWS,cWS","nbp,nbp,nbp,nbp,nbp","nbp,nbp,nbp,nbp,nbp"
7,HL_3AKZ_010,3AKZ,0.3432,4,tRNA D-loop,E,tRNAGln,U,13,A,14,A,15,A,21,G,22,"cWW,cWW,cWW,cWW,cWW","cWS,cWS,cWS,tWS,cWS","nbp,nbp,nbp,nbp,nbp","nbp,nbp,nbp,nbp,nbp"
8,HL_3AL0_001,3AL0,0.2269,4,tRNA D-loop,E,tRNAGln,U,13,A,14,A,15,A,21,G,22,"cWW,cWW,cWW,cWW,cWW","cWS,cWS,cWS,cWS,cWS","nbp,nbp,nbp,nbp,nbp","nbp,nbp,nbp,nbp,nbp"
9,HL_5B63_003,5B63,0.1946,6,tRNA D-loop,D,tRNA,C,913,A,914,A,915,A,922,G,923,"cWW,cWW,cWW,cWW,cWW","ncWS,cWS,nbp,tWS,cWS","nbp,nbp,nbp,nbp,nbp","nbp,nbp,nbp,nbp,nbp"
10,HL_5AXM_001,5AXM,0.1407,5,tRNA D-loop,P,tRNA,C,13,A,14,G,15,A,21,G,22,"cWW,cWW,cWW,cWW,cWW","ncWS,cWS,cWS,tWS,cWS","nbp,cSH,nbp,nbp,nbp","nbp,nbp,nbp,nbp,nbp"
11,HL_1QF6_001,1QF6,0.0,5,tRNA D-loop,B,tRNA,C,13,A,14,G,15,A,21,G,22,"cWW,cWW,cWW,cWW,cWW","cWS,cWS,cWS,tWS,cWS","nbp,nbp,nbp,nbp,nbp","nbp,nbp,nbp,nbp,nbp"
12,HL_7MRL_001,7MRL,0.1111,5,tRNA D-loop,A,tRNA,C,13,A,14,G,15,A,21,G,22,"cWW,cWW,cWW,cWW,cWW","ncWS,cWS,cWS,nbp,nbp","nbp,nbp,nbp,nbp,nbp","nbp,nbp,nbp,nbp,nbp"
13,HL_7LYF_001,7LYF,0.1964,5,tRNA D-loop,A,tRNA,C,13,A,14,G,15,A,21,G,22,"cWW,cWW,cWW,cWW,cWW","ncWS,cWS,cWS,nbp,nbp","nbp,nbp,nbp,nbp,nbp","nbp,nbp,nbp,nbp,nbp"
14,HL_8SP9_001,8SP9,0.2207,5,tRNA D-loop,C,"tRNA scaffold,CVB3 Cloverleaf RNA",C,13,A,14,G,15,A,21,G,22,"cWW,cWW,cWW,cWW,cWW","ncWS,cWS,nbp,nbp,tWS","nbp,cSH,nbp,nbp,nbp","nbp,nbp,nbp,nbp,nbp"
15,HL_1FIR_004,1FIR,0.23,5,tRNA D-loop,A,tRNA,C,13,A,14,G,15,A,21,G,22,"cWW,cWW,cWW,cWW,cWW","cWS,cWS,cWS,cWS,cWS","nbp,nbp,nbp,nbp,nbp","nbp,nbp,nbp,nbp,nbp"
16,HL_5DO4_001,5DO4,0.6568,1,Other HL,A,RNA (25-MER),CFZ,11,UMS,12,G,13,A,15,G,16,"cWW,nbp,nbp,nbp,nbp","cWS,nbp,nbp,nbp,nbp","nbp,nbp,nbp,nbp,nbp","nbp,nbp,nbp,nbp,nbp"
