#S,Loop id,PDB,Disc,#Non-core,Annotation,Chain(s),Standardized name,Unnamed: 8,1,Unnamed: 10,2,Unnamed: 12,3,Unnamed: 14,4,Unnamed: 16,5,Unnamed: 18,6,Unnamed: 20,7,Unnamed: 22,8,1-8,2-7,3-6,3-5,1-7,2-6
2,HL_4WF9_046,4WF9,0.1209,1,,X,LSU rRNA,G,1976,G,1977,U,1978,A,1979,A,1980,G,1981,U,1983,C,1984,"cWW,cWW,cWW,cWW,cWW","ncWB,cWW,nbp,cWW,cWW","nbp,nbp,nbp,nbp,nbp","nbp,nbp,tSH,nbp,nbp","nbp,nbp,nbp,nbp,nbp","nbp,nbp,nbp,nbp,nbp"
5,HL_7A0S_048,7A0S,0.0,1,,X,LSU rRNA,G,1932,G,1933,U,1934,A,1935,A,1936,G,1937,U,1939,C,1940,"cWW,cWW,cWW,cWW,cWW","ncWB,cWW,nbp,cWW,cWW","nbp,nbp,nbp,nbp,nbp","nbp,nbp,tSH,nbp,nbp","nbp,nbp,nbp,nbp,nbp","nbp,nbp,nbp,nbp,nbp"
8,HL_1U9S_003,1U9S,0.5374,1,,A,RIBONUCLEASE P,G,181,G,182,U,183,A,184,A,185,G,186,A,187,C,189,"cWW,cWW,cWW,cWW,cWW","nbp,tWH,nbp,tSH,tWH","nbp,tWH,nbp,nbp,nbp","nbp,tWH,nbp,nbp,nbp","nbp,nbp,nbp,nbp,nbp","nbp,nbp,nbp,nbp,nbp"
9,HL_3CUL_003,3CUL,0.5907,1,T-loop related,C,RNA (92-MER),G,69,U,70,U,71,C,72,G,73,A,74,U,76,C,77,"cWW,cWW,cWW,cWW,cWW","cwW,cWW,cWW,cWW,cWW","nbp,nbp,tSH,nbp,nbp","nbp,tWH,nbp,nbp,nbp","nbp,nbp,nbp,nbp,nbp","nbp,nbp,nbp,nbp,nbp"
10,HL_4WF9_039,4WF9,0.6934,1,GNRA with extra cWW,X,LSU rRNA,A,1673,U,1674,G,1675,A,1676,G,1677,A,1679,U,1680,U,1681,"cWW,cWW,cWW,cWW,cWW","cwW,cWW,cWW,cWW,cWW","ntSH,tSH,tSH,tSH,tSH","nbp,nbp,nbp,nbp,nbp","nbp,cWW,nbp,nbp,nbp","nbp,tSH,nbp,nbp,nbp"
