#S,Loop id,PDB,Disc,#Non-core,Annotation,Chain(s),Standardized name,Unnamed: 8,1,Unnamed: 10,2,Unnamed: 12,3,Unnamed: 14,4,Unnamed: 16,5,1-5,2-4,2-5
1,HL_3V7E_002,3V7E,0.4215,1,UNCG variation,C,SAM-I riboswitch,C,65,U,66,C,68,G,69,G,70,"cWW,cWW,cWW,cWW,cWW","nbp,nbp,nbp,nbp,nbp","nbp,nbp,nbp,nbp,nbp"
3,HL_7MLW_002,7MLW,0.2719,1,UNCG,F,Guanidine-I riboswitch,G,80,U,81,C,83,G,84,C,85,"ncWW,cWW,cWW,nbp,nbp","tSWa,tSW,nbp,nbp,tSW","nbp,cWW,nbp,nbp,nbp"
4,HL_6JQ6_004,6JQ6,0.2704,1,UNCG,U,RNA (81-MER),C,45,U,46,C,48,G,49,G,50,"cWW,cWW,cWW,cWW,cWW","nbp,tSH,nbp,nbp,nbp","nbp,nbp,nbp,nbp,nbp"
5,HL_6CK5_001,6CK5,0.1729,1,UNCG,A,Guanidine-I riboswitch,A,27,U,28,U,30,G,31,U,32,"cWW,cWW,cWW,cWW,cWW","tSW,tSW,tSW,nbp,tSW","nbp,nbp,nbp,nbp,nbp"
7,HL_1NBS_006,1NBS,0.2077,1,UNCG,B,RNase P class B,C,152,U,153,C,155,G,156,G,157,"cWW,cWW,cWW,cWW,cWW","tSW,tSW,tSW,nbp,tSW","nbp,nbp,nbp,nbp,nbp"
8,HL_1I6U_001,1I6U,0.1603,1,UNCG,C,16S RRNA FRAGMENT,C,16,U,17,C,19,G,20,G,21,"cWW,cWW,cWW,cWW,cWW","tSW,tSW,tSW,nbp,tSW","nbp,nbp,nbp,nbp,nbp"
9,HL_7RGU_005,7RGU,0.2,1,UNCG,F,Modified SL3 of RocR,C,10,U,11,C,13,G,14,G,15,"ncWW,cWW,nbp,cWW,cWW","tSW,tSW,nbp,nbp,tSW","nbp,nbp,nbp,nbp,nbp"
10,HL_4WF9_040,4WF9,0.162,1,UNCG,X,LSU rRNA,C,1735,U,1736,C,1738,G,1739,G,1740,"cWW,cWW,cWW,cWW,cWW","tSW,tSW,tSW,tWW,tSW","nbp,nbp,nbp,nbp,nbp"
11,HL_7A0S_042,7A0S,0.1815,1,UNCG,X,LSU rRNA,C,1708,U,1709,C,1711,G,1712,G,1713,"cWW,cWW,cWW,cWW,cWW","tSW,tSW,tSW,nbp,tSW","nbp,nbp,nbp,nbp,nbp"
12,HL_6KYV_004,6KYV,0.172,1,UNCG,G,RNA (22-mer),C,9,U,10,C,12,G,13,G,14,"cWW,cWW,cWW,cWW,cWW","tSW,tWW,nbp,tWW,tSW","nbp,nbp,nbp,nbp,nbp"
13,HL_6DLR_002,6DLR,0.154,1,UNCG,A,Guanidine-I riboswitch,A,61,U,62,C,64,G,65,U,66,"cWW,cWW,cWW,cWW,cWW","tSW,tSW,tSW,nbp,tSW","nbp,nbp,nbp,nbp,nbp"
14,HL_3IGI_008,3IGI,0.1745,1,UNCG,A,Group IIC intron,G,338,U,339,C,341,G,342,C,343,"cWW,cWW,cWW,cWW,cWW","tSW,tSW,tSW,tWW,tSW","nbp,nbp,nbp,nbp,nbp"
18,HL_8ID2_001,8ID2,0.0941,1,UNCG,C,RNA (24-mer),G,10,U,11,C,13,G,14,C,15,"cWW,cWW,cWW,cWW,cWW","tSW,tSW,tSW,nbp,tSW","nbp,nbp,nbp,nbp,nbp"
22,HL_4LFB_009,4LFB,0.115,1,UNCG,A,SSU rRNA,C,342,U,343,C,345,G,346,G,347,"cWW,cWW,cWW,cWW,cWW","tSW,tSW,tSW,nbp,tSW","nbp,nbp,nbp,nbp,nbp"
24,HL_1KUQ_001,1KUQ,0.1335,1,UNCG,B,16S RIBOSOMAL RNA FRAGMENT,C,8,U,9,C,11,G,12,G,13,"cWW,cWW,cWW,cWW,cWW","tSW,tSW,tSW,nbp,tSW","nbp,nbp,nbp,nbp,nbp"
25,HL_4LFB_031,4LFB,0.1127,1,UNCG,A,SSU rRNA,C,1449,U,1450,C,1452,G,1453,G,1454,"cWW,cWW,cWW,cWW,cWW","tSW,tSW,tSW,nbp,tSW","nbp,nbp,nbp,nbp,nbp"
26,HL_6QN3_001,6QN3,0.1041,1,UNCG,A,Glutamine-II,C,9,U,10,C,12,G,13,G,14,"cWW,cWW,cWW,cWW,cWW","tSW,tSW,tSW,tWW,tSW","nbp,nbp,nbp,nbp,nbp"
27,HL_7KKV_002,7KKV,0.1216,1,UNCG,B,OLE* RNA,C,517,U,518,C,520,G,521,G,522,"cWW,cWW,cWW,cWW,cWW","tSW,tSW,tSW,nbp,tSW","nbp,nbp,nbp,nbp,nbp"
28,HL_8F5G_001,8F5G,0.0987,1,UNCG,D,RNA,C,12,U,13,C,15,G,16,G,17,"cWW,cWW,cWW,cWW,cWW","tSW,tSW,tSW,nbp,tSW","nbp,nbp,nbp,nbp,nbp"
29,HL_1UN6_003,1UN6,0.1102,1,UNCG,F,5S RIBOSOMAL RNA,C,15,U,16,C,18,G,19,G,64,"cWW,cWW,cWW,cWW,cWW","tSW,tSW,tSW,nbp,tSW","nbp,nbp,nbp,nbp,nbp"
30,HL_4PDB_001,4PDB,0.1023,1,UNCG,I,SELEX RNA aptamer,C,17,U,18,C,20,G,21,G,22,"cWW,cWW,cWW,cWW,cWW","tSW,tSW,tSW,tWW,tSW","nbp,nbp,nbp,nbp,nbp"
31,HL_5D5L_003,5D5L,0.0863,1,UNCG,A,PreQ1-II riboswitch,C,60,U,61,C,63,G,64,G,65,"cWW,cWW,cWW,cWW,cWW","tSW,tSW,tSW,tWW,tSW","nbp,nbp,nbp,nbp,nbp"
32,HL_4JF2_003,4JF2,0.1005,1,UNCG,A,PreQ1-II Riboswitch,C,60,U,61,C,63,G,64,G,65,"cWW,cWW,cWW,cWW,cWW","tSW,tSW,tSW,nbp,tSW","nbp,nbp,nbp,nbp,nbp"
35,HL_5Y85_004,5Y85,0.0,1,UNCG,D,DNA/RNA (50-MER),C,28,U,29,C,31,G,32,G,33,"cWW,cWW,cWW,cWW,cWW","tSW,tSW,tSW,nbp,tSW","nbp,nbp,nbp,nbp,nbp"
36,HL_6SY6_001,6SY6,0.0954,1,UNCG,D,RNA (36-MER),C,19,U,20,C,22,G,23,G,24,"cWW,cWW,cWW,cWW,cWW","tSW,tSW,tSW,nbp,tSW","nbp,nbp,nbp,nbp,nbp"
37,HL_6QN3_003,6QN3,0.116,1,UNCG,B,Glutamine-II,C,9,U,10,C,12,G,13,G,14,"cWW,cWW,cWW,cWW,cWW","tSW,tSW,tSW,nbp,tSW","nbp,nbp,nbp,nbp,nbp"
38,HL_4AY2_001,4AY2,0.1248,1,UNCG,C,5'-R-PPP(GP*GP*CP*GP*CP*GP*GP*CP*UP*UP*CP*GP*GP*CP *CP*GP*CP*GP*CP*C)-3',C,8,U,9,C,11,G,12,G,13,"cWW,cWW,cWW,cWW,cWW","tSW,tSW,tSW,nbp,tSW","nbp,nbp,nbp,nbp,nbp"
41,HL_4LFB_011,4LFB,0.1068,1,UNCG,A,SSU rRNA,C,419,U,420,C,422,G,423,G,424,"cWW,cWW,cWW,cWW,cWW","tSW,tSW,tSW,nbp,tSW","nbp,nbp,nbp,nbp,nbp"
44,HL_4PMI_004,4PMI,0.1099,1,UNCG,A,Rev-Response-Element RNA,C,53,U,54,C,56,G,57,G,58,"cWW,cWW,cWW,cWW,cWW","tSW,tSW,tSW,tWW,tSW","nbp,nbp,nbp,nbp,nbp"
45,HL_8K7W_001,8K7W,0.0959,1,,A,RNA (49-MER),A,20,U,21,C,23,G,24,U,25,"cWW,cWW,cWW,cWW,cWW","tSW,tSW,tSW,tWW,tSW","nbp,nbp,nbp,nbp,nbp"
46,HL_7OAX_001,7OAX,0.1,1,UNCG,A,Chili RNA Aptamer,G,21,U,22,C,24,G,25,C,26,"cWW,cWW,cWW,cWW,cWW","tSW,tSW,tSW,tWW,tSW","nbp,nbp,nbp,nbp,nbp"
47,HL_2HW8_001,2HW8,0.1068,1,UNCG,B,36-MER,C,15,U,16,C,18,G,19,G,20,"cWW,cWW,cWW,cWW,cWW","tSW,tSW,tSW,nbp,tSW","nbp,nbp,nbp,nbp,nbp"
48,HL_3U4M_001,3U4M,0.1359,1,UNCG,B,LSU rRNA,C,2143,U,2144,C,2146,G,2147,G,2148,"cWW,cWW,cWW,cWW,cWW","tSW,tSW,nbp,nbp,tSW","nbp,nbp,nbp,nbp,nbp"
49,HL_1YLS_001,1YLS,0.127,1,UNCG,B,RNA Diels-Alder ribozyme,C,220,U,221,C,223,G,224,G,225,"cWW,cWW,cWW,cWW,cWW","tSW,tSW,tSW,nbp,tSW","nbp,nbp,nbp,nbp,nbp"
50,HL_8T29_002,8T29,0.151,1,UNCG,R,RNA (90-MER),C,58,U,59,C,61,G,62,G,63,"cWW,cWW,cWW,cWW,cWW","tSW,tSW,tSW,nbp,tSW","nbp,nbp,nbp,nbp,nbp"
51,HL_7L0Z_001,7L0Z,0.1217,1,UNCG,G,RNA (69-MER),G,30,U,31,C,33,G,34,C,35,"cWW,cWW,cWW,cWW,cWW","tSW,tSW,tSW,nbp,tSW","nbp,nbp,nbp,nbp,nbp"
52,HL_8SP9_003,8SP9,0.198,1,UNCG,C,"tRNA scaffold,CVB3 Cloverleaf RNA",U,90,C,91,C,93,G,94,G,95,"cWW,cWW,cWW,cWW,cWW","tSWa,tSW,nbp,nbp,tSW","nbp,nbp,nbp,nbp,nbp"
53,HL_5ML7_002,5ML7,0.3043,1,UNCG,B,23S ribosomal RNA,C,2187,G,2188,U,2190,A,2191,G,2192,"cWW,cWW,cWW,cWW,cWW","nbp,tSW,nbp,tSW,tSW","nbp,nbp,nbp,nbp,nbp"
54,HL_6DME_002,6DME,0.2692,1,UNCG,A,ppGpp Riboswitch,C,57,U,58,C,60,G,61,G,62,"cWW,cWW,cWW,cWW,cWW","nbp,tSH,nbp,nbp,nbp","nbp,nbp,nbp,nbp,nbp"
55,HL_4U7U_001,4U7U,0.5125,1,UNCG,L,crRNA,C,51,G,52,C,54,A,55,G,56,"cWW,cWW,cWW,cWW,cWW","tSW,tSW,tSW,tSW,tSW","nbp,nbp,nbp,nbp,nbp"
56,HL_7LYF_002,7LYF,0.3626,2,UNCG variation,A,tRNA,A,59,C,60,G,62,A,63,U,65,"cWW,cWW,cWW,cWW,cWW","nbp,tSW,nbp,nbp,nbp","nbp,nbp,nbp,nbp,nbp"
57,HL_4LGT_001,4LGT,0.2899,1,UNCG,E,stem-loop of 23S rRNA,C,2594,G,2595,G,2597,A,2598,G,2599,"cWW,cWW,cWW,cWW,cWW","tSW,tSW,tSW,tSW,tSW","nbp,nbp,nbp,nbp,nbp"
58,HL_3DH3_003,3DH3,0.6889,1,UNCG,F,stem loop fragment of E. Coli 23S RNA,C,2594,G,2595,G,2597,A,2598,G,2599,"cWW,cWW,cWW,cWW,cWW","tSW,tSW,tSW,tSW,tSW","nbp,nbp,nbp,nbp,nbp"
