#S,Loop id,PDB,Disc,#Non-core,Chain(s),Standardized name,Unnamed: 7,1,Unnamed: 9,2,Unnamed: 11,3,Unnamed: 13,4,Unnamed: 15,5,Unnamed: 17,6,Unnamed: 19,7,1-7,2-5,2-6,1-6,3-4
1,HL_6UFH_003,6UFH,0.5902,1,A,RNA (167-MER),G,70,U,72,U,73,G,74,G,75,C,76,C,77,"cWW,cWW,cWW,cWW,cWW","nbp,tSH,nbp,nbp,nbp","nbp,nbp,nbp,nbp,nbp","nbp,nbp,nbp,nbp,nbp","nbp,nbp,nbp,nbp,nbp"
3,HL_3LA5_002,3LA5,0.5094,1,A,Purine riboswitch,G,46,C,47,U,49,C,50,C,51,A,52,C,53,"cWW,cWW,cWW,cWW,cWW","nbp,nbp,nbp,nbp,nbp","nbp,cWW,nbp,nbp,nbp","nbp,cWW,nbp,nbp,nbp","nbp,nbp,nbp,nbp,nbp"
4,HL_3RKF_008,3RKF,0.5927,1,C,Guanine riboswitch,G,46,U,47,U,49,C,50,U,51,A,52,C,53,"cWW,cWW,cWW,cWW,cWW","ntWH,tWH,nbp,nbp,nbp","nbp,cWW,nbp,nbp,nbp","nbp,nbp,nbp,nbp,nbp","nbp,nbp,nbp,nbp,nbp"
5,HL_4FEN_002,4FEN,0.5377,1,B,A24U/U25A/A46G mutant of the B. subtilis xpt-pbuX guanine riboswitch aptamer domain,G,46,U,47,U,49,C,50,U,51,A,52,C,53,"cWW,cWW,cWW,cWW,cWW","ntWH,tWH,nbp,tWH,nbp","nbp,cWW,nbp,nbp,nbp","nbp,nbp,nbp,nbp,nbp","nbp,cSH,nbp,nbp,nbp"
6,HL_1Y27_002,1Y27,0.5231,1,X,Purine riboswitch,G,46,U,47,U,49,C,50,U,51,A,52,C,53,"cWW,cWW,cWW,cWW,cWW","nbp,tWH,nbp,tWH,nbp","nbp,cWW,nbp,nbp,nbp","nbp,nbp,nbp,nbp,nbp","nbp,cSH,nbp,nbp,nbp"
7,HL_1Y26_002,1Y26,0.5283,1,X,Purine riboswitch,G,46,U,47,U,49,C,50,U,51,A,52,C,53,"cWW,cWW,cWW,cWW,cWW","ntWH,tWH,nbp,tWH,nbp","nbp,cWW,nbp,nbp,nbp","nbp,nbp,nbp,nbp,nbp","nbp,cSH,nbp,nbp,nbp"
8,HL_4XNR_002,4XNR,0.5343,1,X,Purine riboswitch,G,46,U,47,U,49,C,50,U,51,A,52,C,53,"cWW,cWW,cWW,cWW,cWW","ntWH,tWH,nbp,tWH,nbp","nbp,cWW,nbp,nbp,nbp","nbp,cWW,nbp,nbp,nbp","nbp,nbp,nbp,nbp,nbp"
9,HL_4LX6_002,4LX6,0.5033,1,A,Purine riboswitch,G,46,C,47,U,49,C,50,C,51,A,52,C,53,"cWW,cWW,cWW,cWW,cWW","nbp,tWH,nbp,tWH,nbp","nbp,cWW,nbp,nbp,nbp","nbp,nbp,nbp,nbp,nbp","nbp,cSH,nbp,nbp,nbp"
10,HL_7TZS_001,7TZS,0.464,0,X,TPP riboswitch (THI element),C,27,U,28,G,29,C,30,G,31,U,32,G,33,"cWW,cWW,cWW,cWW,cWW","nbp,nbp,nbp,nbp,nbp","tWW,tWW,tWW,tWW,tWW","nbp,nbp,nbp,nbp,nbp","nbp,nbp,nbp,nbp,nbp"
11,HL_4LFB_002,4LFB,0.0,0,A,SSU rRNA,G,80,U,81,U,82,U,83,U,84,A,88,C,89,"cWW,cWW,cWW,cWW,cWW","nbp,nbp,nbp,nbp,nbp","nbp,nbp,nbp,nbp,nbp","nbp,nbp,nbp,nbp,nbp","nbp,nbp,nbp,nbp,nbp"
12,HL_6JXM_002,6JXM,0.4199,1,B,tRNA,G,41,C,42,A,44,A,45,A,46,A,47,C,48,"cWW,cWW,cWW,cWW,cWW","nbp,nbp,nbp,nbp,nbp","nbp,nbp,nbp,nbp,nbp","nbp,nbp,nbp,nbp,nbp","nbp,nbp,nbp,nbp,nbp"
17,HL_4WF9_057,4WF9,0.4942,1,X,LSU rRNA,U,2555,U,2557,A,2558,G,2559,U,2560,C,2561,G,2562,"cWW,cWW,cWW,cWW,cWW","nbp,nbp,nbp,nbp,nbp","nbp,nbp,nbp,nbp,nbp","nbp,nbp,nbp,nbp,nbp","nbp,nbp,nbp,nbp,nbp"
18,HL_7A0S_060,7A0S,0.443,1,X,LSU rRNA,U,2507,A,2509,A,2510,G,2511,A,2512,A,2513,G,2514,"cWW,cWW,cWW,cWW,cWW","nbp,nbp,nbp,nbp,nbp","nbp,nbp,nbp,nbp,nbp","nbp,nbp,nbp,nbp,nbp","nbp,nbp,nbp,nbp,nbp"
