#S,Loop id,PDB,Disc,#Non-core,Annotation,Chain(s),Standardized name,Unnamed: 8,1,Unnamed: 10,2,Unnamed: 12,3,Unnamed: 14,4,Unnamed: 16,5,Unnamed: 18,6,1-6,2-5,2-6,1-5
1,HL_7A0S_006,7A0S,0.1336,2,,X,LSU rRNA,G,171,A,172,A,174,C,175,U,177,C,178,"cWW,cWW,cWW,cWW,cWW","ntSH,nbp,nbp,nbp,nbp","nbp,nbp,nbp,nbp,nbp","nbp,nbp,nbp,nbp,nbp"
4,HL_4WF9_006,4WF9,0.1099,2,,X,LSU rRNA,G,197,A,198,A,200,C,201,U,203,C,204,"cWW,cWW,cWW,cWW,cWW","tSH,tSH,tSH,nbp,nbp","nbp,cSW,nbp,nbp,nbp","nbp,nbp,nbp,nbp,nbp"
8,HL_4WF9_058,4WF9,0.5481,1,,X,LSU rRNA,C,2578,U,2579,G,2580,U,2581,C,2583,G,2584,"cWW,cWW,cWW,cWW,cWW","nbp,tSH,nbp,nbp,nbp","nbp,nbp,nbp,nbp,nbp","nbp,nbp,nbp,nbp,nbp"
9,HL_7A0S_061,7A0S,0.5911,1,,X,LSU rRNA,C,2530,U,2531,G,2532,U,2533,C,2535,G,2536,"cWW,cWW,cWW,cWW,cWW","nbp,tSH,nbp,nbp,nbp","nbp,nbp,nbp,nbp,nbp","nbp,nbp,nbp,nbp,nbp"
15,HL_3DIL_003,3DIL,0.593,1,GNRA,A,RNA (174-MER),G,124,G,125,A,126,A,127,A,129,C,130,"cWW,cWW,cWW,cWW,cWW","tSH,tSH,tSH,tSH,tSH","nbp,nbp,nbp,nbp,nbp","nbp,tWH,nbp,nbp,nbp"
