#S,Loop id,PDB,Disc,#Non-core,Chain(s),Standardized name,Unnamed: 7,1,Unnamed: 9,2,Unnamed: 11,3,Unnamed: 13,4,1-4,2-3,1-3,2-4
1,HL_5E6M_002,5E6M,0.1151,5,C,tRNA,A,31,U,32,U,38,U,39,"cWW,cWW,cWW,cWW,cWW","cwW,cWW,cWW,cWW,cWW","nbp,cWW,nbp,nbp,nbp","nbp,nbp,nbp,nbp,nbp"
2,HL_4QEI_002,4QEI,0.0,5,C,tRNA,A,31,U,32,U,38,U,39,"cWW,cWW,cWW,cWW,cWW","cwW,cWW,cWW,cWW,cWW","nbp,nbp,nbp,nbp,nbp","nbp,cSW,nbp,nbp,nbp"
3,HL_2DU3_002,2DU3,0.7523,5,D,tRNA,A,930,C,931,A,937,U,938,"cWW,cWW,cWW,cWW,cWW","ncWW,cWW,cWW,nbp,nbp","nbp,cWW,nbp,nbp,nbp","nbp,nbp,nbp,nbp,nbp"
4,HL_6ZDP_003,6ZDP,0.9728,6,B,Chains: B,C,1303,U,1304,U,1311,G,1312,"ncWW,cWW,nbp,nbp,cWW","ncwW,nbp,nbp,nbp,cWW","nbp,nbp,nbp,nbp,nbp","nbp,nbp,nbp,nbp,nbp"
