#S,Loop id,PDB,Disc,#Non-core,Annotation,Chain(s),Standardized name,Unnamed: 8,1,Unnamed: 10,2,Unnamed: 12,3,1-3
1,HL_4WF9_037,4WF9,0.4194,1,Mini UNCG,X,LSU rRNA,C,1612,A,1614,G,1615,"cWW,cWW,cWW,cWW,cWW"
2,HL_4LFB_018,4LFB,0.2583,2,Mini UNCG,A,SSU rRNA,G,838,C,840,C,848,"ncWW,cWW,cWW,cWW,cWW"
3,HL_4KR9_001,4KR9,0.3896,3,Mini UNCG,M,RNA (39-MER),G,10,U,13,C,15,"ncWW,cWW,cWW,nbp,nbp"
4,HL_8X5V_003,8X5V,0.3274,3,Mini UNCG,B,RNA (110-mer),U,91,U,94,A,96,"cWW,cWW,cWW,cWW,cWW"
5,HL_5SWD_005,5SWD,0.2425,3,Mini UNCG,B,Purine riboswitch,U,47,C,50,A,52,"cWW,cWW,cWW,cWW,cWW"
7,HL_4L8H_001,4L8H,0.2531,2,Mini UNCG,R,RNA operator hairpin,C,9,A,11,G,13,"cWW,cWW,cWW,cWW,cWW"
9,HL_8VM8_002,8VM8,0.4163,2,,R,RNA (93-MER),C,39,U,41,G,43,"cWW,cWW,cWW,cWW,cWW"
11,HL_2B3J_003,2B3J,0.2868,3,Mini UNCG with extended bulge,G,anticodon stem-loop of t-RNA-Arg2 (nucleotides 27-42),C,32,G,36,G,37,"cWW,cWW,cWW,cWW,cWW"
12,HL_5U30_001,5U30,0.1402,1,Mini UNCG,B,sgRNA,U,4,G,6,A,7,"cWW,cWW,cWW,cWW,cWW"
13,HL_7A0S_017,7A0S,0.1901,3,Mini UNCG with extended bulge,X,LSU rRNA,C,553,U,557,G,558,"cWW,cWW,cWW,cWW,cWW"
14,HL_7EU9_001,7EU9,0.1825,2,,B,RNA (43-MER),C,12,C,15,G,16,"cWW,cWW,cWW,cWW,cWW"
15,HL_7D3J_001,7D3J,0.158,2,,B,RNA (43-MER),C,12,C,15,G,16,"cWW,cWW,cWW,cWW,cWW"
17,HL_6LTU_001,6LTU,0.1436,2,,B,RNA (56-mer),U,12,C,15,A,16,"cWW,cWW,cWW,cWW,cWW"
19,HL_2F8K_001,2F8K,0.1024,1,Mini UNCG,B,RNA (16-mer),U,6,G,8,A,9,"cWW,cWW,cWW,cWW,cWW"
21,HL_8KAL_002,8KAL,0.1277,1,Mini UNCG,A,RNA (98-MER),C,55,A,57,G,58,"cWW,cWW,cWW,cWW,cWW"
22,HL_5F9R_002,5F9R,0.1277,1,Mini UNCG,A,RNA (116-MER),C,73,A,75,G,76,"cWW,cWW,cWW,cWW,cWW"
23,HL_7A0S_039,7A0S,0.1577,1,Mini UNCG,X,LSU rRNA,C,1581,A,1583,G,1584,"cWW,cWW,cWW,cWW,cWW"
26,HL_7Z4D_002,7Z4D,0.0793,1,Mini UNCG,A,sgRNA,C,55,A,57,G,58,"cWW,cWW,cWW,cWW,cWW"
27,HL_7ZO1_002,7ZO1,0.0762,1,Mini UNCG,A,CD34 sgRNA,C,55,A,57,G,58,"cWW,cWW,cWW,cWW,cWW"
28,HL_7QQP_002,7QQP,0.0709,1,Mini UNCG,A,AAVS1 sgRNA,C,55,A,57,G,58,"cWW,cWW,cWW,cWW,cWW"
29,HL_6K4Q_002,6K4Q,0.0857,1,,A,sgRNA,C,55,A,57,G,58,"cWW,cWW,cWW,cWW,cWW"
30,HL_5FQ5_002,5FQ5,0.0852,1,Mini UNCG,A,SGRNA,C,55,A,57,G,58,"cWW,cWW,cWW,cWW,cWW"
31,HL_7QQX_002,7QQX,0.0622,1,Mini UNCG,A,FANCF sgRNA,C,55,A,57,G,58,"cWW,cWW,cWW,cWW,cWW"
32,HL_7QR0_002,7QR0,0.0548,1,Mini UNCG,A,TRAC sgRNA,C,55,A,57,G,58,"cWW,cWW,cWW,cWW,cWW"
33,HL_5B2T_002,5B2T,0.0467,1,Mini UNCG,A,Guide RNA,C,55,A,57,G,58,"cWW,cWW,cWW,cWW,cWW"
34,HL_4ZT0_005,4ZT0,0.0,1,Mini UNCG,D,single-guide RNA,C,55,A,57,G,58,"cWW,cWW,cWW,cWW,cWW"
35,HL_7QR8_002,7QR8,0.0815,1,Mini UNCG,A,PTPRC sgRNA,C,55,A,57,G,58,"cWW,cWW,cWW,cWW,cWW"
36,HL_5VW1_002,5VW1,0.1114,1,Mini UNCG,C,sgRNA,C,55,A,57,G,58,"cWW,cWW,cWW,cWW,cWW"
37,HL_8VMB_002,8VMB,0.1968,1,Mini UNCG,R,RNA (83-MER),C,37,C,39,G,40,"cWW,cWW,cWW,cWW,cWW"
38,HL_8VMA_002,8VMA,0.1584,1,Mini UNCG,C,RNA (88-MER),C,37,C,39,G,40,"cWW,cWW,cWW,cWW,cWW"
42,HL_6JOO_002,6JOO,0.2435,1,Mini UNCG,B,Guide RNA,C,58,C,60,G,61,"cWW,cWW,cWW,cWW,cWW"
43,HL_8KAJ_001,8KAJ,0.1464,1,,I,RNA (65-MER),C,55,A,57,G,58,"cWW,cWW,cWW,cWW,cWW"
44,HL_8DP3_002,8DP3,0.2079,2,Mini UNCG,R,RNA (90-MER),C,39,U,41,G,43,"cWW,cWW,cWW,cWW,cWW"
48,HL_4YAZ_004,4YAZ,0.3492,2,Mini UNCG,R,Cyclic di-GMP-I riboswitch,C,56,C,58,G,60,"cWW,cWW,cWW,cWW,cWW"
49,HL_4LFB_005,4LFB,0.4665,2,Mini UNCG,A,SSU rRNA,C,201,U,203,G,216,"cWW,cWW,cWW,cWW,cWW"
