#S,Loop id,PDB,Disc,#Non-core,Chain(s),Standardized name,Unnamed: 7,1,Unnamed: 9,2,Unnamed: 11,3,Unnamed: 13,4,Unnamed: 15,5,Unnamed: 17,6,Unnamed: 19,7,1-7,2-6,3-5,4-5
2,HL_1SER_001,1SER,0.2511,6,T,tRNA,C,12,G,13,A,14,G,15,A,21,A,22,G,23,"cWW,cWW,cWW,cWW,cWW","tSH,tSH,tSH,tSH,tSH","nbp,cWS,cWS,nbp,nbp","nbp,nbp,nbp,nbp,nbp"
3,HL_8JOZ_001,8JOZ,0.2823,6,B,tRNA,C,12,G,13,A,14,G,15,A,21,A,22,G,23,"cWW,cWW,cWW,cWW,cWW","tSH,tSH,tSH,tSH,tSH","cWS,cWS,cWS,tWS,cWS","nbp,nbp,nbp,nbp,nbp"
4,HL_4JYZ_001,4JYZ,0.1044,4,B,tRNA,C,912,A,913,A,914,G,915,A,921,A,922,G,923,"cWW,cWW,cWW,cWW,cWW","tSH,tSH,tSH,tSH,tSH","cWS,cWS,cWS,tWS,cWS","nbp,cSS,nbp,nbp,nbp"
5,HL_4JXZ_001,4JXZ,0.0,4,B,RNA (71-MER),C,912,A,913,A,914,G,915,A,921,A,922,G,923,"cWW,cWW,cWW,cWW,cWW","tSH,tSH,tSH,tSH,tSH","cWS,cWS,cWS,cWS,cWS","nbp,cSS,nbp,nbp,nbp"
6,HL_1F7U_001,1F7U,0.2428,5,B,TRNA(ARG),C,912,C,913,A,914,A,915,A,921,C,922,G,923,"cWW,cWW,cWW,cWW,cWW","ncWB,cWW,cWW,cWW,cWW","cWS,cWS,cWS,tWS,cWS","nbp,nbp,nbp,nbp,nbp"
7,HL_1QTQ_001,1QTQ,0.5405,4,B,tRNA,C,912,A,913,A,914,G,915,A,921,A,922,G,923,"cWW,cWW,cWW,cWW,cWW","tSH,tSH,tSH,tSH,tSH","cWS,cWS,cWS,tWS,cWS","nbp,cSS,nbp,nbp,nbp"
