#S,Loop id,PDB,Disc,#Non-core,Chain(s),Standardized name,Unnamed: 7,1,Unnamed: 9,2,Unnamed: 11,3,Unnamed: 13,4,Unnamed: 15,5,Unnamed: 17,6,Unnamed: 19,7,Unnamed: 21,8,Unnamed: 23,9,1-9,2-8,7-8
3,HL_4WF9_055,4WF9,0.1526,1,X,LSU rRNA,C,2431,G,2432,A,2434,U,2435,G,2436,G,2437,A,2438,A,2439,G,2440,"cWW,cWW,cWW,cWW,cWW","tSH,tSH,tSH,nbp,tSH","nbp,nbp,nbp,nbp,nbp"
4,HL_7A0S_058,7A0S,0.0,1,X,LSU rRNA,C,2383,G,2384,G,2386,U,2387,G,2388,G,2389,A,2390,A,2391,G,2392,"cWW,cWW,cWW,cWW,cWW","tSH,tSH,tSH,tSH,tSH","nbp,nbp,nbp,nbp,nbp"
5,HL_7KGA_004,7KGA,0.5087,3,B,Flavivirus DB element,U,53,A,54,G,57,G,58,U,59,U,60,G,62,A,63,G,64,"cWW,cWW,cWW,cWW,cWW","tSH,tSH,tSH,tSH,tSH","nbp,cSH,nbp,nbp,nbp"
6,HL_7KGA_002,7KGA,0.5781,3,A,Flavivirus DB element,U,53,A,54,G,57,G,58,U,59,A,61,G,62,A,63,G,64,"cWW,cWW,cWW,cWW,cWW","tSH,tSH,tSH,tSH,tSH","nbp,cSH,nbp,nbp,nbp"
