#S,Loop id,PDB,Disc,#Non-core,Chain(s),Standardized name,Unnamed: 7,1,Unnamed: 9,2,Unnamed: 11,3,Unnamed: 13,4,1-4,1-3
1,HL_2PJP_001,2PJP,0.4255,0,B,SECIS RNA,G,22,G,23,U,24,C,25,"cWW,cWW,cWW,cWW,cWW","nbp,nbp,nbp,nbp,nbp"
2,HL_4ILM_005,4ILM,0.3608,3,K,RNA (16-mer),U,8,C,10,A,12,A,14,"cWW,cWW,cWW,cWW,cWW","nbp,nbp,nbp,nbp,nbp"
3,HL_4ILL_001,4ILL,0.3048,3,R,RNA (24-mer),U,8,C,10,A,12,A,14,"cWW,cWW,cWW,cWW,cWW","nbp,nbp,nbp,nbp,nbp"
4,HL_1F7U_002,1F7U,0.0,5,B,TRNA(ARG),G,931,C,932,A,937,C,939,"cWW,cWW,cWW,cWW,cWW","nbp,nbp,nbp,nbp,nbp"
5,HL_2ZUE_002,2ZUE,0.2577,5,B,tRNA-Arg,C,931,C,932,A,937,G,939,"cWW,cWW,cWW,cWW,cWW","nbp,nbp,nbp,nbp,nbp"
6,HL_3WQY_004,3WQY,0.6584,1,C,tRNA,U,1633,U,1634,C,1636,G,1637,"ncWW,cWW,nbp,cWW,nbp","nbp,cWH,nbp,cWW,nbp"
