#S,Loop id,PDB,Disc,#Non-core,Chain(s),Standardized name,Unnamed: 7,1,Unnamed: 9,2,Unnamed: 11,3,1-3
1,HL_7KI3_001,7KI3,0.1378,3,C,HCV genotype 1a miR-122 site-1,C,10,U,11,G,15,"cWW,cWW,cWW,cWW,cWW"
2,HL_5NFV_001,5NFV,0.1176,3,B,pre-crRNA,C,-10,U,-9,G,-5,"cWW,cWW,cWW,nbp,cWW"
3,HL_8Y0B_001,8Y0B,0.1433,3,B,RNA (53-MER),C,-11,U,-10,G,-6,"cWW,cWW,cWW,nbp,cWW"
4,HL_8H9D_001,8H9D,0.0979,4,G,RNA (21-mer),C,11,U,12,G,17,"cWW,cWW,cWW,cWW,cWW"
5,HL_8Y03_001,8Y03,0.0004,4,G,RNA (41-MER),C,11,U,12,G,17,"cWW,cWW,cWW,cWW,cWW"
6,HL_5ID6_001,5ID6,0.0,4,G,RNA (21-mer),C,11,U,12,G,17,"cWW,cWW,cWW,cWW,cWW"
7,HL_5XUZ_001,5XUZ,0.0622,4,B,crRNA,C,-12,U,-11,G,-6,"cWW,cWW,cWW,nbp,cWW"
8,HL_8Y05_001,8Y05,0.0937,4,B,RNA (29-MER),C,-12,U,-11,G,-6,"cWW,cWW,cWW,nbp,cWW"
