#S,Loop id,PDB,Disc,#Non-core,Annotation,Chain(s),Standardized name,Unnamed: 8,1,Unnamed: 10,2,Unnamed: 12,3,Unnamed: 14,4,Unnamed: 16,5,Unnamed: 18,6,Unnamed: 20,7,Unnamed: 22,8,1-8,2-6,2-7,3-4,3-5,2-5,2-8
1,HL_5ZQ8_002,5ZQ8,0.7183,2,,D,RNA (12-mer),C,744,G,745,U,746,A,749,A,750,A,751,A,752,G,753,"cWW,cWW,cWW,cWW,cWW","nbp,nbp,nbp,nbp,nbp","tHH,tHH,nbp,nbp,nbp","nbp,nbp,nbp,nbp,nbp","nbp,nbp,nbp,nbp,nbp","nbp,nbp,nbp,nbp,nbp","nbp,nbp,nbp,nbp,nbp"
2,HL_6UFM_006,6UFM,0.2997,0,Pseudoknot,B,RNA (98-MER),G,80,G,81,U,82,G,83,A,84,G,85,C,86,C,87,"cWW,cWW,cWW,cWW,cWW","nbp,nbp,nbp,nbp,nbp","nbp,tWH,nbp,cWH,nbp","nbp,nbp,nbp,nbp,nbp","ncSH,cSH,cSH,cWH,nbp","nbp,nbp,nbp,nbp,nbp","nbp,nbp,nbp,nbp,nbp"
3,HL_6UFG_003,6UFG,0.0,0,Pseudoknot,A,RNA (166-MER),G,69,G,70,U,71,U,72,G,73,G,74,C,75,C,76,"cWW,cWW,cWW,cWW,cWW","ncWH,cWH,nbp,cWH,cWH","nbp,tHH,nbp,cWH,nbp","ncSH,nbp,nbp,nbp,nbp","nbp,nbp,nbp,nbp,nbp","nbp,cWH,nbp,nbp,nbp","nbp,nbp,nbp,nbp,nbp"
4,HL_6UFG_001,6UFG,0.5078,0,,A,RNA (166-MER),G,13,C,14,G,15,A,16,U,17,C,18,A,19,C,20,"cWW,cWW,cWW,cWW,cWW","nbp,nbp,nbp,nbp,nbp","ntWW,tWW,nbp,nbp,nbp","nbp,nbp,nbp,nbp,nbp","nbp,nbp,nbp,nbp,nbp","nbp,nbp,nbp,nbp,nbp","nbp,tWW,nbp,nbp,nbp"
5,HL_9BZC_002,9BZC,0.823,0,,A,RNA (87-MER),U,54,U,55,A,56,U,57,C,58,U,59,U,60,A,61,"cWW,cWW,cWW,cWW,cWW","nbp,nbp,nbp,nbp,nbp","nbp,nbp,nbp,nbp,nbp","nbp,nbp,nbp,nbp,nbp","nbp,nbp,nbp,nbp,nbp","nbp,nbp,nbp,nbp,nbp","nbp,nbp,nbp,nbp,nbp"
