#S,Loop id,PDB,Disc,#Non-core,Chain(s),Standardized name,Unnamed: 7,1,Unnamed: 9,2,Unnamed: 11,3,Unnamed: 13,4,Unnamed: 15,5,Unnamed: 17,6,1-6,2-5,3-4,3-5,1-2
2,HL_3DIL_004,3DIL,0.7418,0,A,RNA (174-MER),G,149,G,150,U,151,C,152,U,153,C,154,"cWW,cWW,cWW,cWW,cWW","nbp,nbp,nbp,nbp,nbp","nbp,nbp,nbp,nbp,nbp","ncSW,cSW,nbp,nbp,nbp","nbp,nbp,nbp,nbp,nbp"
3,HL_1FFY_002,1FFY,0.6364,3,T,ISOLEUCYL-TRNA,C,31,C,32,U,33,U,36,A,38,G,39,"cWW,cWW,cWW,cWW,cWW","ncWW,cWW,cWW,cWW,cWW","ntSW,tSW,nbp,tSW,tSW","nbp,nbp,nbp,nbp,nbp","nbp,nbp,nbp,nbp,nbp"
4,HL_1QU2_002,1QU2,0.6364,3,T,tRNA,C,31,C,32,U,33,U,36,A,38,G,39,"cWW,cWW,cWW,cWW,cWW","ncWW,cWW,cWW,cWW,cWW","ntSW,tSW,nbp,tSW,tSW","nbp,nbp,nbp,nbp,nbp","nbp,nbp,nbp,nbp,nbp"
5,HL_6WBR_004,6WBR,0.583,3,B,RNA (94-MER),C,55,C,56,U,57,G,60,G,62,G,63,"cWW,cWW,cWW,cWW,cWW","nbp,nbp,cWW,nbp,nbp","nbp,cWH,nbp,nbp,nbp","nbp,nbp,nbp,nbp,nbp","nbp,nbp,nbp,nbp,nbp"
6,HL_5HR7_004,5HR7,0.0685,5,D,tRNA,U,13,A,14,G,15,C,20,A,21,G,22,"cWW,cWW,cWW,cWW,cWW","cWS,cWS,cWS,cWS,cWS","tSW,tSW,tSW,tSW,tSW","nbp,cWS,nbp,nbp,nbp","nbp,nbp,nbp,nbp,nbp"
7,HL_5HR6_001,5HR6,0.0,5,C,tRNA,U,12,A,13,G,14,C,19,A,21,G,22,"cWW,cWW,cWW,cWW,cWW","cWS,cWS,cWS,tWS,cWS","tSW,tSW,tSW,tSW,tSW","nbp,nbp,nbp,nbp,nbp","nbp,nbp,nbp,nbp,nbp"
8,HL_2DER_004,2DER,0.2261,5,D,tRNA,U,13,A,14,G,15,C,20,A,21,G,22,"cWW,cWW,cWW,cWW,cWW","cWS,cWS,cWS,cWS,cWS","tSW,tSW,tSW,tSW,tSW","nbp,cWS,nbp,nbp,nbp","nbp,nbp,nbp,nbp,nbp"
9,HL_1N78_001,1N78,0.5495,4,C,tRNA(Glu),U,513,A,514,G,515,U,520,A,521,G,522,"cWW,cWW,cWW,cWW,cWW","cWS,cWS,cWS,cWS,cWS","ntSH,cSW,nbp,cSW,nbp","nbp,cSS,nbp,nbp,nbp","nbp,cSH,nbp,nbp,nbp"
