#S,Loop id,PDB,Disc,#Non-core,Annotation,Chain(s),Standardized name,Unnamed: 8,1,Unnamed: 10,2,Unnamed: 12,3,Unnamed: 14,4,Unnamed: 16,5,Unnamed: 18,6,Unnamed: 20,7,Unnamed: 22,8,1-8,2-7,1-7,2-6
1,HL_4LCK_002,4LCK,0.4726,1,,B,tRNA,C,30,U,31,G,33,C,34,C,35,A,36,A,37,G,38,"cWW,cWW,cWW,cWW,cWW","nbp,tWW,nbp,nbp,tWW","nbp,nbp,nbp,nbp,nbp","nbp,nbp,nbp,nbp,nbp"
2,HL_6UGG_005,6UGG,0.2234,1,tRNA anticodon loop,B,tRNA,C,31,C,32,G,34,U,35,C,36,A,37,C,38,G,39,"cWW,cWW,cWW,cWW,cWW","ncWB,cWW,nbp,nbp,nbp","nbp,nbp,nbp,nbp,nbp","nbp,nbp,nbp,nbp,nbp"
3,HL_2AKE_002,2AKE,0.0,1,tRNA anticodon loop,B,tRNA,A,31,C,32,C,34,C,35,A,36,G,37,A,38,U,39,"cWW,cWW,cWW,cWW,cWW","nbp,cWH,nbp,nbp,nbp","nbp,nbp,nbp,nbp,nbp","nbp,nbp,nbp,nbp,nbp"
4,HL_1J1U_002,1J1U,0.2665,1,tRNA anticodon loop,B,tRNA(Tyr),A,532,C,533,G,535,U,536,A,537,G,538,A,539,U,540,"cWW,cWW,cWW,cWW,cWW","ncWW,cWW,cWW,nbp,cWW","nbp,cWW,nbp,nbp,nbp","nbp,nbp,nbp,nbp,nbp"
5,HL_2ZNI_002,2ZNI,0.4644,1,,C,bacterial tRNA,A,31,C,32,C,34,U,35,A,36,A,37,A,38,U,39,"cWW,cWW,cWW,cWW,cWW","cWW,cWW,cWW,cWW,cWW","nbp,cWW,nbp,nbp,nbp","nbp,nbp,nbp,nbp,nbp"
6,HL_2IY5_002,2IY5,0.5333,1,tRNA anticodon loop,T,tRNA,A,31,C,32,G,34,A,35,A,36,A,37,A,38,U,39,"cWW,cWW,cWW,cWW,cWW","ncWB,tWH,nbp,nbp,nbp","nbp,nbp,nbp,nbp,nbp","nbp,tWH,nbp,nbp,nbp"
