#S,Loop id,PDB,Disc,#Non-core,Annotation,Chain(s),Standardized name,Unnamed: 8,1,Unnamed: 10,2,Unnamed: 12,3,Unnamed: 14,4,Unnamed: 16,5,Unnamed: 18,6,Unnamed: 20,7,Unnamed: 22,8,1-8,1-7
2,HL_3SKL_005,3SKL,0.5286,0,Pseudoknot geometry,B,RNA (66-MER),G,52,A,53,C,54,C,55,C,56,C,57,G,58,C,59,"cWW,cWW,cWW,cWW,cWW","nbp,nbp,nbp,nbp,nbp"
3,HL_3SKI_002,3SKI,0.4972,0,Pseudoknot geometry,A,RNA (68-MER),G,53,A,54,C,55,C,56,C,57,C,58,G,59,C,60,"cWW,cWW,cWW,cWW,cWW","nbp,nbp,nbp,nbp,nbp"
7,HL_7A0S_055,7A0S,0.363,0,Pseudoknot geometry,X,LSU rRNA,C,2303,G,2304,C,2305,A,2306,A,2307,A,2308,G,2309,G,2310,"cWW,cWW,cWW,cWW,cWW","nbp,nbp,nbp,nbp,nbp"
8,HL_4WF9_052,4WF9,0.3675,0,Pseudoknot geometry,X,LSU rRNA,U,2351,G,2352,U,2353,A,2354,A,2355,A,2356,G,2357,G,2358,"ncWW,cWW,cWW,cWW,cWW","nbp,nbp,nbp,nbp,nbp"
11,HL_4FRN_006,4FRN,0.2893,0,Pseudoknot geometry,B,Cobalamin riboswitch aptamer domain,U,44,U,45,A,46,C,47,U,48,U,49,G,50,A,51,"cWW,cWW,cWW,cWW,cWW","nbp,nbp,nbp,nbp,nbp"
12,HL_6R47_001,6R47,0.0972,0,Pseudoknot geometry,A,RNA (50-MER),G,6,U,7,U,8,C,9,G,10,G,11,G,12,C,13,"cWW,cWW,cWW,cWW,cWW","nbp,nbp,nbp,nbp,nbp"
13,HL_6UEY_003,6UEY,0.0681,0,Pseudoknot geometry,C,Pistol ribozyme,G,5,U,6,U,7,U,8,G,9,A,10,G,11,C,12,"cWW,cWW,cWW,cWW,cWW","nbp,nbp,nbp,nbp,nbp"
14,HL_6UFJ_003,6UFJ,0.0,0,Pseudoknot geometry,C,RNA (50-MER),G,5,U,6,U,7,U,8,G,9,A,10,G,11,C,12,"cWW,cWW,cWW,cWW,cWW","nbp,nbp,nbp,nbp,nbp"
15,HL_5K7D_001,5K7D,0.0841,0,Pseudoknot geometry,A,RNA 47-MER,G,5,U,6,U,7,A,8,G,9,G,10,G,11,C,12,"cWW,cWW,cWW,cWW,cWW","nbp,nbp,nbp,nbp,nbp"
16,HL_5KTJ_001,5KTJ,0.1096,0,Pseudoknot geometry,A,Pistol (50-MER),G,5,U,6,U,7,U,8,G,9,A,10,G,11,C,12,"cWW,cWW,cWW,cWW,cWW","nbp,nbp,nbp,nbp,nbp"
17,HL_2JLT_002,2JLT,0.1676,0,Pseudoknot geometry,B,TAR,C,5,C,6,U,7,G,8,G,9,G,10,A,11,G,12,"cWW,cWW,cWW,cWW,cWW","nbp,nbp,nbp,nbp,nbp"
19,HL_2NZ4_007,2NZ4,0.5007,1,,Q,GlmS ribozyme,G,71,U,73,C,74,A,75,U,76,C,77,A,78,C,79,"cWW,cWW,cWW,cWW,cWW","nbp,cWW,nbp,nbp,nbp"
21,HL_3DIL_002,3DIL,0.5235,1,Pseudoknot geometry,A,RNA (174-MER),U,93,C,95,C,96,U,97,C,98,C,99,C,100,G,101,"cWW,cWW,cWW,cWW,cWW","nbp,nbp,nbp,nbp,nbp"
22,HL_3D0U_002,3D0U,0.4927,1,Pseudoknot geometry,A,Lysine Riboswitch RNA,U,90,C,92,C,93,U,94,C,95,C,96,C,97,G,98,"cWW,cWW,cWW,cWW,cWW","nbp,nbp,nbp,nbp,nbp"
25,HL_6N5P_003,6N5P,0.5806,1,Pseudoknot geometry,A,cyclic di-AMP riboswitch,U,76,C,78,C,79,U,80,U,81,C,82,U,83,G,84,"cWW,cWW,cWW,cWW,cWW","nbp,nbp,nbp,nbp,nbp"
26,HL_3IGI_005,3IGI,0.7707,2,Pseudoknot geometry,A,Group IIC intron,U,178,A,181,U,182,A,183,A,184,C,185,A,186,A,187,"cWW,cWW,cWW,cWW,cWW","nbp,nbp,nbp,nbp,nbp"
