#S,Loop id,PDB,Disc,#Non-core,Annotation,Chain(s),Standardized name,Unnamed: 8,1,Unnamed: 10,2,Unnamed: 12,3,Unnamed: 14,4,Unnamed: 16,5,Unnamed: 18,6,Unnamed: 20,7,Unnamed: 22,8,Unnamed: 24,9,Unnamed: 26,10,1-10,2-7
1,HL_4RGE_003,4RGE,0.1043,0,T-loop with unstacked turn,C,env22 twister ribozyme,G,29,U,30,C,31,C,32,U,33,A,34,A,35,G,36,C,37,C,38,"cWW,cWW,cWW,cWW,cWW","tWH,tWH,tWH,tWH,tWH"
2,HL_4OJI_002,4OJI,0.0,0,T-loop with unstacked turn,A,RNA (52-MER),G,23,U,24,C,25,C,26,C,27,A,28,A,29,G,30,C,31,C,32,"cWW,cWW,cWW,cWW,cWW","tWH,tWH,tWH,tWH,tWH"
3,HL_4QJD_004,4QJD,0.2048,0,T-loop with unstacked turn,D,Twister RNA sequence,G,43,U,44,C,45,C,46,C,47,A,48,A,49,G,50,C,51,C,52,"cWW,cWW,cWW,cWW,cWW","ntWW,tWW,nbp,nbp,tWW"
4,HL_8UIW_002,8UIW,0.6776,0,T-loop with unstacked turn,N,yjdF RNA (R. gauvreauii),G,50,U,51,A,52,G,53,G,54,U,55,A,56,G,57,U,58,C,59,"cWW,cWW,cWW,cWW,cWW","tWH,tWH,tWH,tWH,tWH"
