#S,Loop id,PDB,Disc,#Non-core,Annotation,Chain(s),Standardized name,Unnamed: 8,1,Unnamed: 10,2,Unnamed: 12,3,Unnamed: 14,4,Unnamed: 16,5,Unnamed: 18,6,break,Unnamed: 21,7,Unnamed: 23,8,Unnamed: 25,9,Unnamed: 27,10,Unnamed: 29,11,Unnamed: 31,12,1-12,2-11,3-10,4-9,5-8,6-7,4-8,6-8,5-7,3-11
1,IL_5LR4_002,5LR4,0.3746,0,,B+A,RNA (10-mer),C,3,G,4,G,5,6MZ,6,U,7,G,8,*,C,3,G,4,G,5,6MZ,6,U,7,G,8,"cWW,cWW,cWW,cWW,cWW","tSH,tSH,tSH,tSH,tSH","nbp,nbp,nbp,nbp,nbp","nbp,nbp,nbp,nbp,nbp","tHS,tHS,tHS,tHS,nbp","cWW,cWW,cWW,cWW,cWW","nbp,nbp,nbp,nbp,nbp","nbp,nbp,nbp,nbp,nbp","nbp,nbp,nbp,nbp,nbp","nbp,nbp,nbp,nbp,nbp"
2,IL_5LR3_002,5LR3,0.3781,0,Quadruple sheared,A+B,RNA (10-mer),C,3,G,4,G,5,A,6,U,7,G,8,*,C,3,G,4,G,5,A,6,U,7,G,8,"cWW,cWW,cWW,cWW,cWW","tSH,tSH,tSH,tSH,tSH","tSH,tSH,tSH,tSH,tSH","tHS,tHS,tHS,tHS,tHS","tHS,tHS,tHS,tHS,tHS","cWW,cWW,cWW,cWW,cWW","nbp,nbp,nbp,nbp,nbp","nbp,nbp,nbp,nbp,nbp","nbp,nbp,nbp,nbp,nbp","nbp,nbp,nbp,nbp,nbp"
4,IL_3FTF_001,3FTF,0.0,0,Quadruple sheared,C+D,RNA (22-mer),G,1515,G,1516,G,1517,A,1518,A,1519,C,1520,*,G,1515,G,1516,G,1517,A,1518,A,1519,C,1520,"cWW,cWW,cWW,cWW,cWW","tSH,tSH,tSH,tSH,tSH","ntSH,tSH,tSH,tSH,tSH","tHS,tHS,tHS,tHS,tHS","tHS,tHS,tHS,tHS,tHS","cWW,cWW,cWW,cWW,cWW","nbp,tHS,nbp,nbp,nbp","nbp,cWS,nbp,nbp,nbp","nbp,nbp,nbp,nbp,nbp","nbp,nbp,nbp,nbp,nbp"
5,IL_3FTE_001,3FTE,0.1692,0,Quadruple sheared,C+D,RNA (22-mer),G,1515,G,1516,G,1517,A,1518,A,1519,C,1520,*,G,1515,G,1516,G,1517,A,1518,A,1519,C,1520,"cWW,cWW,cWW,cWW,cWW","tSH,tSH,tSH,tSH,tSH","nbp,cHW,nbp,nbp,nbp","ntHS,tHS,tHS,tHS,tHS","tHS,tHS,tHS,tHS,tHS","cWW,cWW,cWW,cWW,cWW","nbp,nbp,nbp,nbp,nbp","nbp,nbp,nbp,nbp,nbp","nbp,nbp,nbp,nbp,nbp","nbp,nbp,nbp,nbp,nbp"
6,IL_7A0S_018,7A0S,0.6966,0,Triple sheared with non-canonical cWW,X,LSU rRNA,G,736,C,737,G,738,G,739,A,740,G,741,*,U,716,G,717,A,718,A,719,A,720,C,721,"cWW,cWW,cWW,cWW,cWW","ncWW,cWW,cWW,cWW,cWW","tSH,tSH,tSH,tSH,nbp","ntSH,tSH,tSH,tSH,tSH","ntHS,tHS,nbp,tHS,tHS","cWW,cWW,cWW,cWW,cWW","nbp,nbp,nbp,nbp,nbp","nbp,nbp,nbp,nbp,nbp","nbp,tHS,nbp,nbp,nbp","nbp,cSW,nbp,nbp,nbp"
