#S,Loop id,PDB,Disc,#Non-core,Annotation,Chain(s),Standardized name,Unnamed: 8,1,Unnamed: 10,2,Unnamed: 12,3,break,Unnamed: 15,4,Unnamed: 17,5,Unnamed: 19,6,1-6,2-5,3-4,2-3,2-4,2-6
5,IL_4E5C_001,4E5C,0.1053,0,Isolated cWH basepair,B+A,RNA (19-mer),C,9,G,10,G,11,*,C,9,G,10,G,11,"cWW,cWW,cWW,cWW,cWW","cHW,cHW,cHW,cHW,cHW","cWW,cWW,cWW,cWW,cWW","nbp,nbp,nbp,nbp,nbp","nbp,nbp,nbp,nbp,nbp","nbp,nbp,nbp,nbp,nbp"
6,IL_4KQ0_003,4KQ0,0.1144,0,Isolated cWH basepair,B+E,RNA (19-mer),C,9,G,10,G,11,*,C,9,G,10,G,11,"cWW,cWW,cWW,cWW,cWW","cHW,cHW,cHW,cHW,cHW","cWW,cWW,cWW,cWW,cWW","nbp,nbp,nbp,nbp,nbp","nbp,nbp,nbp,nbp,nbp","nbp,nbp,nbp,nbp,nbp"
8,IL_3SJ2_001,3SJ2,0.074,0,Isolated cWH basepair,A+B,RNA (19-mer) + RNA (17-mer),C,7,G,8,G,9,*,C,13,G,14,G,15,"cWW,cWW,cWW,cWW,cWW","cHW,cHW,cHW,cHW,cHW","cWW,cWW,cWW,cWW,cWW","nbp,nbp,nbp,nbp,nbp","nbp,nbp,nbp,nbp,nbp","nbp,nbp,nbp,nbp,nbp"
9,IL_3SJ2_003,3SJ2,0.0614,0,Isolated cWH basepair,B+A,RNA (17-mer),C,7,G,8,G,9,*,C,13,G,14,G,15,"cWW,cWW,cWW,cWW,cWW","cHW,cHW,cHW,cHW,cHW","cWW,cWW,cWW,cWW,cWW","nbp,nbp,nbp,nbp,nbp","nbp,nbp,nbp,nbp,nbp","nbp,nbp,nbp,nbp,nbp"
10,IL_3R1C_018,3R1C,0.064,0,Isolated cWH basepair,Q+R,RNA (8-mer),C,5,G,6,G,7,*,C,2,G,3,G,4,"cWW,cWW,cWW,cWW,cWW","cHW,cHW,cHW,cHW,cHW","cWW,cWW,cWW,cWW,cWW","nbp,nbp,nbp,nbp,nbp","nbp,nbp,nbp,nbp,nbp","nbp,nbp,nbp,nbp,nbp"
11,IL_3R1C_012,3R1C,0.0629,0,Isolated cWH basepair,L+K,RNA (8-mer),C,2,G,3,G,4,*,C,5,G,6,G,7,"cWW,cWW,cWW,cWW,cWW","cHW,cHW,cHW,cHW,cHW","cWW,cWW,cWW,cWW,cWW","nbp,nbp,nbp,nbp,nbp","nbp,nbp,nbp,nbp,nbp","nbp,nbp,nbp,nbp,nbp"
12,IL_3R1C_011,3R1C,0.0554,0,Isolated cWH basepair,K+L,RNA (8-mer),C,2,G,3,G,4,*,C,5,G,6,G,7,"cWW,cWW,cWW,cWW,cWW","cHW,cHW,cHW,cHW,cHW","cWW,cWW,cWW,cWW,cWW","nbp,nbp,nbp,nbp,nbp","nbp,nbp,nbp,nbp,nbp","nbp,nbp,nbp,nbp,nbp"
13,IL_3R1C_017,3R1C,0.0625,0,Isolated cWH basepair,R+Q,RNA (8-mer),C,5,G,6,G,7,*,C,2,G,3,G,4,"cWW,cWW,cWW,cWW,cWW","cHW,cHW,cHW,cHW,cHW","cWW,cWW,cWW,cWW,cWW","nbp,nbp,nbp,nbp,nbp","nbp,nbp,nbp,nbp,nbp","nbp,nbp,nbp,nbp,nbp"
14,IL_3SJ2_002,3SJ2,0.0615,0,Isolated cWH basepair,A+B,RNA (19-mer) + RNA (17-mer),C,10,G,11,G,12,*,C,10,G,11,G,12,"cWW,cWW,cWW,cWW,cWW","cHW,cHW,cHW,cHW,cHW","cWW,cWW,cWW,cWW,cWW","nbp,nbp,nbp,nbp,nbp","nbp,nbp,nbp,nbp,nbp","nbp,nbp,nbp,nbp,nbp"
16,IL_2R1S_002,2R1S,0.0922,0,Isolated cWH basepair,B+A,RNA (13-mer),5BU,19,G,20,A,21,*,5BU,6,G,7,A,8,"cWW,nbp,nbp,nbp,nbp","cHW,cHW,cHW,cHW,cHW","cWW,nbp,nbp,nbp,nbp","nbp,nbp,nbp,nbp,nbp","nbp,nbp,nbp,nbp,nbp","nbp,nbp,nbp,nbp,nbp"
18,IL_4KTG_003,4KTG,0.1264,0,,E+B,RNA (19-mer),G,209,G,210,C,211,*,G,209,G,210,C,211,"cWW,cWW,cWW,cWW,cWW","cHW,cHW,cHW,cHW,cHW","cWW,cWW,cWW,cWW,cWW","nbp,nbp,nbp,nbp,nbp","nbp,nbp,nbp,nbp,nbp","nbp,nbp,nbp,nbp,nbp"
20,IL_4J50_003,4J50,0.162,0,Isolated cWH basepair,A+B,RNA (19-mer),C,13,A,14,G,15,*,C,7,A,8,G,9,"cWW,cWW,cWW,cWW,cWW","nbp,cHW,nbp,cHW,cHW","cWW,cWW,cWW,cWW,cWW","nbp,nbp,nbp,nbp,nbp","nbp,nbp,nbp,nbp,nbp","nbp,nbp,nbp,nbp,nbp"
21,IL_4J50_001,4J50,0.162,0,Isolated cWH basepair,B+A,RNA (19-mer),C,13,A,14,G,15,*,C,7,A,8,G,9,"cWW,cWW,cWW,cWW,cWW","nbp,cHW,nbp,cHW,cHW","cWW,cWW,cWW,cWW,cWW","nbp,nbp,nbp,nbp,nbp","nbp,nbp,nbp,nbp,nbp","nbp,nbp,nbp,nbp,nbp"
23,IL_4KTG_001,4KTG,0.1534,0,,B+E,RNA (19-mer),G,203,G,204,C,205,*,G,215,G,216,C,217,"cWW,cWW,cWW,cWW,cWW","cHW,cHW,cHW,cHW,cHW","cWW,cWW,cWW,cWW,cWW","nbp,nbp,nbp,nbp,nbp","nbp,nbp,nbp,nbp,nbp","nbp,nbp,nbp,nbp,nbp"
24,IL_4KTG_005,4KTG,0.1559,0,,E+B,RNA (19-mer),G,203,G,204,C,205,*,G,215,G,216,C,217,"cWW,cWW,cWW,cWW,cWW","cHW,cHW,cHW,cHW,cHW","cWW,cWW,cWW,cWW,cWW","nbp,nbp,nbp,nbp,nbp","nbp,nbp,nbp,nbp,nbp","nbp,nbp,nbp,nbp,nbp"
25,IL_4KQ0_001,4KQ0,0.1332,0,Isolated cWH basepair,B+E,RNA (19-mer),C,3,G,4,G,5,*,C,15,G,16,G,17,"cWW,cWW,cWW,cWW,cWW","cHW,cHW,cHW,cHW,cHW","cWW,cWW,cWW,cWW,cWW","nbp,nbp,nbp,nbp,nbp","nbp,nbp,nbp,nbp,nbp","nbp,nbp,nbp,nbp,nbp"
26,IL_4KQ0_005,4KQ0,0.1322,0,Isolated cWH basepair,E+B,RNA (19-mer),C,3,G,4,G,5,*,C,15,G,16,G,17,"cWW,cWW,cWW,cWW,cWW","cHW,cHW,cHW,cHW,cHW","cWW,cWW,cWW,cWW,cWW","nbp,nbp,nbp,nbp,nbp","nbp,nbp,nbp,nbp,nbp","nbp,nbp,nbp,nbp,nbp"
27,IL_3R1D_002,3R1D,0.1571,0,Isolated cWH basepair,A+B,RNA (11-mer),C,5,G,6,G,7,*,C,5,G,6,G,7,"cWW,cWW,cWW,cWW,cWW","cHW,cHW,cHW,cHW,cHW","cWW,cWW,cWW,cWW,cWW","nbp,cHH,nbp,nbp,nbp","nbp,nbp,nbp,nbp,nbp","nbp,nbp,nbp,nbp,nbp"
28,IL_4WF9_045,4WF9,0.1836,0,Isolated cWH basepair,X,LSU rRNA,C,1277,G,1278,C,1279,*,G,1243,G,1244,G,1245,"cWW,cWW,cWW,cWW,cWW","cHW,cHW,cHW,cHW,cHW","cWW,cWW,cWW,cWW,cWW","nbp,nbp,nbp,nbp,nbp","nbp,nbp,nbp,nbp,nbp","nbp,nbp,nbp,nbp,nbp"
30,IL_2H1M_002,2H1M,0.2021,0,Isolated cWH basepair,A+B,RNA (16-mer),A,5,G,6,U,7,*,A,26,A,27,U,28,"cWW,cWW,cWW,cWW,cWW","ncHW,cHW,nbp,nbp,cHW","cWW,cWW,cWW,cWW,cWW","nbp,nbp,nbp,nbp,nbp","nbp,cHW,nbp,nbp,nbp","nbp,nbp,nbp,nbp,nbp"
31,IL_2H1M_003,2H1M,0.164,0,Isolated cWH basepair,B+A,RNA (16-mer),A,21,G,22,U,23,*,A,10,A,11,U,12,"cWW,cWW,cWW,cWW,cWW","ncHW,cHW,nbp,nbp,cHW","cWW,cWW,cWW,cWW,cWW","nbp,nbp,nbp,nbp,nbp","nbp,nbp,nbp,nbp,nbp","nbp,cHW,nbp,nbp,nbp"
33,IL_6RA4_002,6RA4,0.1591,0,Isolated cWH basepair,L+M,RNA (9-mer),U,403,G,404,A,405,*,U,403,G,404,A,405,"cWW,cWW,cWW,cWW,cWW","cHW,cHW,cHW,cHW,cHW","cWW,cWW,cWW,cWW,cWW","nbp,nbp,nbp,nbp,nbp","nbp,nbp,nbp,nbp,nbp","nbp,nbp,nbp,nbp,nbp"
34,IL_4KQ0_002,4KQ0,0.15,0,Isolated cWH basepair,B+E,RNA (19-mer),C,6,G,7,G,8,*,C,12,G,13,G,14,"cWW,cWW,cWW,cWW,cWW","cHW,cHW,cHW,cHW,cHW","cWW,cWW,cWW,cWW,cWW","nbp,nbp,nbp,nbp,nbp","nbp,nbp,nbp,nbp,nbp","nbp,nbp,nbp,nbp,nbp"
35,IL_4KQ0_004,4KQ0,0.151,0,Isolated cWH basepair,E+B,RNA (19-mer),C,6,G,7,G,8,*,C,12,G,13,G,14,"cWW,cWW,cWW,cWW,cWW","cHW,cHW,cHW,cHW,cHW","cWW,cWW,cWW,cWW,cWW","nbp,nbp,nbp,nbp,nbp","nbp,nbp,nbp,nbp,nbp","nbp,nbp,nbp,nbp,nbp"
36,IL_4KTG_004,4KTG,0.1873,0,,B+E,RNA (19-mer),G,212,G,213,C,214,*,G,206,G,207,C,208,"cWW,cWW,cWW,cWW,cWW","cHW,cHW,cHW,cHW,cHW","cWW,cWW,cWW,cWW,cWW","nbp,nbp,nbp,nbp,nbp","nbp,nbp,nbp,nbp,nbp","nbp,nbp,nbp,nbp,nbp"
37,IL_4KTG_002,4KTG,0.193,0,,E+B,RNA (19-mer),G,212,G,213,C,214,*,G,206,G,207,C,208,"cWW,cWW,cWW,cWW,cWW","cHW,cHW,cHW,cHW,cHW","cWW,cWW,cWW,cWW,cWW","nbp,nbp,nbp,nbp,nbp","nbp,nbp,nbp,nbp,nbp","nbp,nbp,nbp,nbp,nbp"
38,IL_4WF9_121,4WF9,0.2162,0,Isolated cWH basepair,Y,5S rRNA,C,110,A,111,G,112,*,U,3,G,4,G,5,"cWW,cWW,cWW,cWW,cWW","ncHW,cHW,nbp,cHW,cHW","ncWWa,cWW,nbp,cWW,cWW","nbp,nbp,nbp,nbp,nbp","nbp,nbp,nbp,nbp,nbp","nbp,nbp,nbp,nbp,nbp"
39,IL_7QQX_005,7QQX,0.247,0,,A+C,FANCF sgRNA + FANCF off-target5 target strand,U,12,G,13,C,14,*,DG,7,DG,8,DA,9,"cWW,nbp,nbp,nbp,nbp","cHW,nbp,nbp,nbp,nbp","cWW,nbp,nbp,nbp,nbp","nbp,nbp,nbp,nbp,nbp","nbp,nbp,nbp,nbp,nbp","nbp,nbp,nbp,nbp,nbp"
42,IL_3R1E_001,3R1E,0.1951,0,Isolated cWH basepair,A+B,RNA (8-mer),C,2,GRB,3,G,4,*,C,5,G,6,G,7,"cWW,cWW,cWW,cWW,cWW","cHW,nbp,nbp,nbp,nbp","cWW,cWW,cWW,cWW,cWW","nbp,nbp,nbp,nbp,nbp","nbp,nbp,nbp,nbp,nbp","nbp,nbp,nbp,nbp,nbp"
43,IL_5F5F_001,5F5F,0.2254,0,Isolated cWH basepair,B,RNA (20-mer),U,5,G,6,C,7,*,G,14,G,15,A,16,"cWW,cWW,cWW,cWW,cWW","cHW,cHW,cHW,cHW,cHW","cWW,cWW,cWW,cWW,cWW","nbp,nbp,nbp,nbp,nbp","nbp,nbp,nbp,nbp,nbp","nbp,nbp,nbp,nbp,nbp"
44,IL_5F5F_003,5F5F,0.2142,0,Isolated cWH basepair,F,RNA (20-mer),U,5,G,6,C,7,*,G,14,G,15,A,16,"cWW,cWW,cWW,cWW,cWW","cHW,cHW,cHW,cHW,cHW","cWW,cWW,cWW,cWW,cWW","nbp,nbp,nbp,nbp,nbp","nbp,nbp,nbp,nbp,nbp","nbp,nbp,nbp,nbp,nbp"
