#S,Loop id,PDB,Disc,#Non-core,Annotation,Chain(s),Standardized name,Unnamed: 8,1,Unnamed: 10,2,Unnamed: 12,3,Unnamed: 14,4,Unnamed: 16,5,break,Unnamed: 19,6,Unnamed: 21,7,Unnamed: 23,8,Unnamed: 25,9,Unnamed: 27,10,1-10,2-9,3-8,4-7,5-6,2-10,7-8
4,IL_4LFB_023,4LFB,0.1586,0,tSH-tHW-tHS,A,SSU rRNA,U,757,G,758,A,759,G,760,G,761,*,U,580,G,581,U,582,A,583,G,584,"cWW,cWW,cWW,cWW,cWW","tSH,tSH,tSH,tSH,tSH","tHW,tHW,tHW,tHW,tHW","tHS,tHS,tHS,nbp,tHS","cWW,cWW,cWW,cWW,cWW","nbp,nbp,nbp,nbp,nbp","nbp,nbp,nbp,nbp,nbp"
11,IL_4LFB_033,4LFB,0.0943,0,tSH-tHW-tHS,A,SSU rRNA,C,779,A,780,A,781,A,782,C,783,*,G,799,G,800,U,801,A,802,G,803,"cWW,cWW,cWW,cWW,cWW","tSH,tSH,tSH,tSH,tSH","tHW,tHW,tHW,tHW,tHW","tHS,tHS,tHS,tHS,tHS","cWW,cWW,cWW,cWW,cWW","nbp,nbp,nbp,nbp,nbp","nbp,nbp,nbp,nbp,nbp"
13,IL_4WF9_052,4WF9,0.22,0,tSH-tHW-tHS,X,LSU rRNA,U,1394,G,1395,A,1396,G,1397,G,1398,*,C,1407,G,1408,U,1409,A,1410,G,1411,"cWW,cWW,cWW,cWW,cWW","nbp,nbp,nbp,nbp,nbp","ntHW,tHW,tHW,nbp,tHW","ntHS,tHS,nbp,tHS,tHS","cWW,cWW,cWW,cWW,cWW","nbp,nbp,nbp,nbp,nbp","nbp,nbp,nbp,nbp,nbp"
15,IL_7A0S_049,7A0S,0.2743,0,tSH-tHW-tHS,X,LSU rRNA,U,1370,G,1371,A,1372,G,1373,G,1374,*,C,1383,G,1384,C,1385,A,1386,G,1387,"cWW,cWW,cWW,cWW,cWW","tSH,tSH,tSH,tSH,nbp","tHW,tHW,tHW,tHW,tHW","tHS,tHS,tHS,tHS,nbp","cWW,cWW,cWW,cWW,cWW","nbp,cSW,nbp,nbp,nbp","nbp,cSH,nbp,nbp,nbp"
