#S,Loop id,PDB,Disc,#Non-core,Annotation,Chain(s),Standardized name,Unnamed: 8,1,Unnamed: 10,2,Unnamed: 12,3,Unnamed: 14,4,break,Unnamed: 17,5,Unnamed: 19,6,Unnamed: 21,7,1-7,2-6,3-4,3-6,4-5,2-4,3-5,4-6
1,IL_3V7E_003,3V7E,0.1191,0,Major groove platform with extra pair,C,SAM-I riboswitch,C,44,A,45,A,46,C,47,*,G,88,U,89,G,90,"cWW,cWW,cWW,cWW,cWW","tSH,tSH,tSH,nbp,nbp","ncSH,cSH,cSH,nbp,nbp","nbp,nbp,nbp,nbp,nbp","cWW,cWW,cWW,cWW,cWW","nbp,cSH,nbp,nbp,nbp","nbp,nbp,nbp,nbp,nbp","nbp,nbp,nbp,nbp,nbp"
2,IL_4AOB_003,4AOB,0.1007,0,Major groove platform with extra pair,A,SAM-I riboswitch,C,44,A,45,A,46,C,47,*,G,56,U,57,G,58,"cWW,cWW,cWW,cWW,cWW","tSH,tSH,tSH,nbp,nbp","ncSH,cSH,nbp,nbp,nbp","nbp,nbp,nbp,nbp,nbp","cWW,cWW,cWW,cWW,cWW","nbp,tSW,nbp,nbp,nbp","nbp,nbp,nbp,nbp,nbp","nbp,nbp,nbp,nbp,nbp"
3,IL_4OQU_001,4OQU,0.0666,0,Major groove platform with extra pair,A,SAM-I/IV riboswitch,C,24,A,25,A,26,C,27,*,G,46,U,47,G,48,"cWW,cWW,cWW,cWW,cWW","tSH,tSH,tSH,nbp,nbp","cSH,cSH,cSH,nbp,nbp","nbp,nbp,nbp,nbp,nbp","cWW,cWW,cWW,cWW,cWW","nbp,tSW,nbp,nbp,nbp","nbp,tSH,nbp,nbp,nbp","nbp,cWW,nbp,nbp,nbp"
4,IL_5FJC_003,5FJC,0.0,0,Major groove platform with extra pair,A,SAM-I riboswitch,C,44,A,45,A,46,C,47,*,G,56,U,57,G,58,"cWW,cWW,cWW,cWW,cWW","tSH,tSH,tSH,nbp,nbp","cSH,cSH,cSH,cSH,cSH","nbp,nbp,nbp,nbp,nbp","cWW,cWW,cWW,cWW,cWW","nbp,nbp,nbp,nbp,nbp","nbp,nbp,nbp,nbp,nbp","nbp,nbp,nbp,nbp,nbp"
5,IL_4KQY_003,4KQY,0.1754,0,Major groove platform with extra pair,A,SAM-I riboswitch,C,45,A,46,A,47,C,48,*,G,77,U,78,G,79,"cWW,cWW,cWW,cWW,cWW","ntSH,tSH,tSH,nbp,nbp","cSH,cSH,cSH,cSH,cSH","nbp,nbp,nbp,nbp,nbp","cWW,cWW,cWW,cWW,cWW","nbp,nbp,nbp,nbp,nbp","nbp,nbp,nbp,nbp,nbp","nbp,nbp,nbp,nbp,nbp"
10,IL_5DO4_004,5DO4,0.5559,2,,A,RNA (25-MER),G,3,A,4,A,5,A,8,*,UMS,21,A,22,CFZ,23,"cWW,nbp,nbp,nbp,nbp","nbp,cWW,nbp,nbp,nbp","nbp,nbp,nbp,nbp,nbp","cSW,cSW,cSW,cSW,cSW","cWW,nbp,nbp,nbp,nbp","nbp,nbp,nbp,nbp,nbp","nbp,nbp,nbp,nbp,nbp","nbp,nbp,nbp,nbp,nbp"
