#S,Loop id,PDB,Disc,#Non-core,Annotation,Chain(s),Standardized name,Unnamed: 8,1,Unnamed: 10,2,Unnamed: 12,3,break,Unnamed: 15,4,Unnamed: 17,5,Unnamed: 19,6,1-6,2-5,3-4,4-5,2-4,1-5,2-6
3,IL_5B2P_002,5B2P,0.4885,1,Isolated non-canonical cWW pair,B,Guide RNA,C,44,U,45,C,46,*,G,28,U,30,G,31,"cWW,cWW,cWW,cWW,cWW","cwW,cWW,cWW,cWW,cWW","cWW,cWW,cWW,cWW,cWW","nbp,nbp,nbp,nbp,nbp","nbp,nbp,nbp,nbp,nbp","nbp,nbp,nbp,nbp,nbp","nbp,nbp,nbp,nbp,nbp"
5,IL_4WF9_018,4WF9,0.3211,0,Isolated non-canonical cWW pair,X,LSU rRNA,U,638,U,639,G,640,*,U,705,U,706,G,707,"cWW,cWW,cWW,cWW,cWW","nbp,cWW,nbp,cWW,nbp","cWW,cWW,cWW,cWW,cWW","nbp,nbp,nbp,nbp,nbp","nbp,nbp,nbp,nbp,nbp","nbp,nbp,nbp,nbp,nbp","nbp,nbp,nbp,nbp,nbp"
6,IL_4KYY_002,4KYY,0.3372,0,Isolated non-canonical cWW pair,A+B,RNA 17-mer,U,8,U,9,G,10,*,U,8,U,9,G,10,"cWW,cWW,cWW,cWW,cWW","nbp,cWW,nbp,cWW,nbp","cWW,cWW,cWW,cWW,cWW","nbp,nbp,nbp,nbp,nbp","nbp,nbp,nbp,nbp,nbp","nbp,nbp,nbp,nbp,nbp","nbp,nbp,nbp,nbp,nbp"
8,IL_7A0S_107,7A0S,0.3253,0,Isolated non-canonical cWW pair,Y,5S rRNA,C,97,C,98,G,99,*,U,82,C,83,G,84,"cWW,cWW,cWW,cWW,cWW","ncWB,cWW,cWW,cWW,cWW","cWW,cWW,cWW,cWW,cWW","nbp,cSH,nbp,nbp,nbp","nbp,nbp,nbp,nbp,nbp","nbp,nbp,nbp,nbp,nbp","nbp,nbp,nbp,nbp,nbp"
11,IL_4Y1M_005,4Y1M,0.1843,0,Isolated non-canonical cWW pair,B,E. coli yybP-ykoY riboswitch,U,4,U,5,U,6,*,A,103,U,104,A,105,"cWW,cWW,cWW,cWW,cWW","ncwW,cWW,nbp,cWW,nbp","cWW,cWW,cWW,cWW,cWW","nbp,nbp,nbp,nbp,nbp","nbp,cWW,nbp,nbp,nbp","nbp,nbp,nbp,nbp,nbp","nbp,nbp,nbp,nbp,nbp"
13,IL_7A0S_011,7A0S,0.2186,0,Isolated non-canonical cWW pair,X,LSU rRNA,C,573,C,574,U,575,*,A,584,U,585,G,586,"cWW,cWW,cWW,cWW,cWW","cWW,cWW,nbp,cWW,cWW","cWW,cWW,cWW,cWW,cWW","nbp,nbp,nbp,nbp,nbp","nbp,tHW,nbp,nbp,nbp","nbp,cWW,nbp,nbp,nbp","nbp,nbp,nbp,nbp,nbp"
15,IL_4WF9_017,4WF9,0.142,0,Isolated non-canonical cWW pair,X,LSU rRNA,C,607,C,608,U,609,*,A,618,U,619,G,620,"cWW,cWW,cWW,cWW,cWW","cWW,cWW,cWW,cWW,cWW","cWW,cWW,cWW,cWW,cWW","nbp,nbp,nbp,nbp,nbp","nbp,tHW,nbp,nbp,nbp","nbp,nbp,nbp,nbp,nbp","nbp,nbp,nbp,nbp,nbp"
17,IL_7QQP_007,7QQP,0.2219,0,,A+C,AAVS1 sgRNA + AAVS1 off-target3 target strand,A,7,C,8,U,9,*,DA,12,DC,13,DT,14,"cWW,nbp,nbp,nbp,nbp","ncWw,nbp,nbp,nbp,nbp","ncWW,nbp,nbp,nbp,nbp","nbp,nbp,nbp,nbp,nbp","nbp,nbp,nbp,nbp,nbp","nbp,nbp,nbp,nbp,nbp","nbp,nbp,nbp,nbp,nbp"
18,IL_7A0S_078,7A0S,0.2204,0,Isolated non-canonical cWW pair,X,LSU rRNA,C,2068,U,2069,G,2070,*,U,2211,U,2212,G,2213,"cWW,cWW,cWW,cWW,cWW","cwW,cWW,cWW,cWW,cWW","cWW,cWW,cWW,cWW,cWW","nbp,nbp,nbp,nbp,nbp","nbp,nbp,nbp,nbp,nbp","nbp,nbp,nbp,nbp,nbp","nbp,nbp,nbp,nbp,nbp"
24,IL_4P3U_007,4P3U,0.1664,0,Isolated non-canonical cWW pair,D+C,RNA (23-mer),G,42,U,43,C,44,*,G,5,U,6,C,7,"cWW,cWW,cWW,cWW,cWW","ncwW,cWW,cWW,cWW,nbp","cWW,cWW,cWW,cWW,cWW","nbp,nbp,nbp,nbp,nbp","nbp,nbp,nbp,nbp,nbp","nbp,nbp,nbp,nbp,nbp","nbp,nbp,nbp,nbp,nbp"
25,IL_5B2P_001,5B2P,0.1237,0,Isolated non-canonical cWW pair,B,Guide RNA,U,24,U,25,C,26,*,G,48,U,49,A,50,"cWW,cWW,cWW,cWW,cWW","cwW,cWW,cWW,cWW,cWW","cWW,cWW,cWW,cWW,cWW","nbp,nbp,nbp,nbp,nbp","nbp,nbp,nbp,nbp,nbp","nbp,nbp,nbp,nbp,nbp","nbp,nbp,nbp,nbp,nbp"
26,IL_4KYY_003,4KYY,0.0865,0,Isolated non-canonical cWW pair,A+B,RNA 17-mer,A,11,U,12,C,13,*,G,5,U,6,U,7,"cWW,cWW,cWW,cWW,cWW","cwW,cWW,cWW,cWW,cWW","cWW,cWW,cWW,cWW,cWW","nbp,nbp,nbp,nbp,nbp","nbp,nbp,nbp,nbp,nbp","nbp,cWW,nbp,nbp,nbp","nbp,nbp,nbp,nbp,nbp"
27,IL_2O3Y_004,2O3Y,0.0789,0,Isolated non-canonical cWW pair,B+A,RNA (23-mer),G,28,U,29,C,30,*,G,19,U,20,C,21,"cWW,cWW,cWW,cWW,cWW","cwW,cWW,cWW,cWW,cWW","cWW,cWW,cWW,cWW,cWW","nbp,nbp,nbp,nbp,nbp","nbp,nbp,nbp,nbp,nbp","nbp,nbp,nbp,nbp,nbp","nbp,nbp,nbp,nbp,nbp"
28,IL_3BNN_008,3BNN,0.0,0,Isolated non-canonical cWW pair,C+D,A site of human ribosome,G,17,U,18,C,19,*,G,3,U,4,C,5,"cWW,cWW,cWW,cWW,cWW","cwW,cWW,cWW,cWW,cWW","cWW,cWW,cWW,cWW,cWW","nbp,nbp,nbp,nbp,nbp","nbp,nbp,nbp,nbp,nbp","nbp,nbp,nbp,nbp,nbp","nbp,nbp,nbp,nbp,nbp"
29,IL_3BNN_005,3BNN,0.0932,0,Isolated non-canonical cWW pair,C+D,A site of human ribosome,G,3,U,4,C,5,*,G,17,U,18,C,19,"cWW,cWW,cWW,cWW,cWW","cwW,cWW,cWW,cWW,cWW","cWW,cWW,cWW,cWW,cWW","nbp,nbp,nbp,nbp,nbp","nbp,nbp,nbp,nbp,nbp","nbp,nbp,nbp,nbp,nbp","nbp,nbp,nbp,nbp,nbp"
30,IL_3BNR_012,3BNR,0.0751,0,Isolated non-canonical cWW pair,C+D,"A site of human mitochondrial ribosome, chain one + A site of human mitochondrial ribosome, chain three",G,19,U,20,C,21,*,G,3,U,4,C,5,"cWW,cWW,cWW,cWW,cWW","cwW,cWW,cWW,cWW,cWW","cWW,cWW,cWW,cWW,cWW","nbp,nbp,nbp,nbp,nbp","nbp,nbp,nbp,nbp,nbp","nbp,nbp,nbp,nbp,nbp","nbp,nbp,nbp,nbp,nbp"
31,IL_4K31_001,4K31,0.1075,0,Isolated non-canonical cWW pair,B+C,RNA (23-mer),G,5,U,6,C,7,*,G,19,U,20,C,21,"cWW,cWW,cWW,cWW,cWW","cwW,cWW,cWW,cWW,cWW","cWW,cWW,cWW,cWW,cWW","nbp,nbp,nbp,nbp,nbp","nbp,nbp,nbp,nbp,nbp","nbp,nbp,nbp,nbp,nbp","nbp,nbp,nbp,nbp,nbp"
32,IL_4K31_004,4K31,0.1072,0,Isolated non-canonical cWW pair,C+B,RNA (23-mer),G,5,U,6,C,7,*,G,19,U,20,C,21,"cWW,cWW,cWW,cWW,cWW","cwW,cWW,cWW,cWW,cWW","cWW,cWW,cWW,cWW,cWW","nbp,nbp,nbp,nbp,nbp","nbp,nbp,nbp,nbp,nbp","nbp,nbp,nbp,nbp,nbp","nbp,nbp,nbp,nbp,nbp"
33,IL_4KYY_001,4KYY,0.1105,0,Isolated non-canonical cWW pair,B+A,RNA 17-mer,A,11,U,12,C,13,*,G,5,U,6,U,7,"cWW,cWW,cWW,cWW,cWW","cwW,cWW,cWW,cWW,cWW","cWW,cWW,cWW,cWW,cWW","nbp,nbp,nbp,nbp,nbp","nbp,nbp,nbp,nbp,nbp","nbp,cWW,nbp,nbp,nbp","nbp,nbp,nbp,nbp,nbp"
34,IL_2OE8_001,2OE8,0.0913,0,Isolated non-canonical cWW pair,B+A,RNA (17-mer),G,1494,U,1495,C,1496,*,G,1405,U,1406,C,1407,"cWW,cWW,cWW,cWW,cWW","cwW,cWW,cWW,cWW,cWW","cWW,cWW,cWW,cWW,cWW","nbp,nbp,nbp,nbp,nbp","nbp,nbp,nbp,nbp,nbp","nbp,nbp,nbp,nbp,nbp","nbp,nbp,nbp,nbp,nbp"
35,IL_2OE5_001,2OE5,0.1084,0,Isolated non-canonical cWW pair,B+A,RNA (17-mer),G,1494,U,1495,C,1496,*,G,1405,U,1406,C,1407,"cWW,cWW,cWW,cWW,cWW","cwW,cWW,cWW,cWW,cWW","cWW,cWW,cWW,cWW,cWW","nbp,nbp,nbp,nbp,nbp","nbp,nbp,nbp,nbp,nbp","nbp,nbp,nbp,nbp,nbp","nbp,nbp,nbp,nbp,nbp"
36,IL_3TD0_006,3TD0,0.112,0,Isolated non-canonical cWW pair,B+A,RNA (23-mer),G,28,U,29,C,30,*,G,19,U,20,C,21,"cWW,cWW,cWW,cWW,cWW","cwW,cWW,cWW,cWW,cWW","cWW,cWW,cWW,cWW,cWW","nbp,nbp,nbp,nbp,nbp","nbp,nbp,nbp,nbp,nbp","nbp,nbp,nbp,nbp,nbp","nbp,nbp,nbp,nbp,nbp"
37,IL_2O3Y_001,2O3Y,0.0979,0,Isolated non-canonical cWW pair,A+B,RNA (23-mer),G,5,U,6,C,7,*,G,42,U,43,C,44,"cWW,cWW,cWW,cWW,cWW","cwW,cWW,cWW,cWW,cWW","cWW,cWW,cWW,cWW,cWW","nbp,nbp,nbp,nbp,nbp","nbp,nbp,nbp,nbp,nbp","nbp,nbp,nbp,nbp,nbp","nbp,nbp,nbp,nbp,nbp"
38,IL_5ZTM_002,5ZTM,0.1186,0,Isolated non-canonical cWW pair,C,non-coding mRNA sequence roX2,A,123,U,124,C,125,*,G,157,U,158,U,159,"cWW,cWW,cWW,cWW,cWW","cwW,cWW,cWW,cWW,cWW","cWW,cWW,cWW,cWW,cWW","nbp,nbp,nbp,nbp,nbp","nbp,nbp,nbp,nbp,nbp","nbp,nbp,nbp,nbp,nbp","nbp,nbp,nbp,nbp,nbp"
39,IL_3U4M_001,3U4M,0.1195,0,Isolated non-canonical cWW pair,B,LSU rRNA,A,2108,U,2109,G,2110,*,C,2179,U,2180,U,2181,"cWW,cWW,cWW,cWW,cWW","cwW,cWW,cWW,cWW,cWW","cWW,cWW,cWW,cWW,cWW","nbp,nbp,nbp,nbp,nbp","nbp,nbp,nbp,nbp,nbp","nbp,cWW,nbp,nbp,nbp","nbp,nbp,nbp,nbp,nbp"
41,IL_4P3U_006,4P3U,0.1433,0,Isolated non-canonical cWW pair,B+A,RNA (23-mer),G,28,U,29,C,30,*,G,19,U,20,C,21,"cWW,cWW,cWW,cWW,cWW","cwW,cWW,cWW,cWW,cWW","cWW,cWW,cWW,cWW,cWW","nbp,nbp,nbp,nbp,nbp","nbp,nbp,nbp,nbp,nbp","nbp,nbp,nbp,nbp,nbp","nbp,nbp,nbp,nbp,nbp"
42,IL_1MFQ_002,1MFQ,0.1069,0,Isolated non-canonical cWW pair,A,SRP RNA,A,228,U,229,C,230,*,G,120,U,121,U,122,"cWW,cWW,cWW,cWW,cWW","cwW,cWW,nbp,cWW,cWW","cWW,cWW,cWW,cWW,cWW","nbp,nbp,nbp,nbp,nbp","nbp,nbp,nbp,nbp,nbp","nbp,nbp,nbp,nbp,nbp","nbp,nbp,nbp,nbp,nbp"
45,IL_5WTI_002,5WTI,0.1411,0,Isolated non-canonical cWW pair,B,RNA (123-MER),G,10,U,11,C,12,*,G,18,U,19,C,20,"cWW,cWW,cWW,cWW,cWW","cwW,cWW,cWW,cWW,cWW","cWW,cWW,cWW,cWW,cWW","nbp,nbp,nbp,nbp,nbp","nbp,nbp,nbp,nbp,nbp","nbp,nbp,nbp,nbp,nbp","nbp,nbp,nbp,nbp,nbp"
46,IL_4TS2_004,4TS2,0.1461,0,Isolated non-canonical cWW pair,Y+X,"Spinach aptamer RNA, bimolecular construct",C,77,U,78,C,79,*,G,20,U,21,G,22,"cWW,cWW,cWW,cWW,cWW","cwW,cWW,cWW,cWW,cWW","cWW,cWW,cWW,cWW,cWW","nbp,nbp,nbp,nbp,nbp","nbp,nbp,nbp,nbp,nbp","nbp,nbp,nbp,nbp,nbp","nbp,nbp,nbp,nbp,nbp"
49,IL_2O3V_001,2O3V,0.134,0,Isolated non-canonical cWW pair,A+B,RNA (23-mer),G,5,U,6,C,7,*,G,42,U,43,C,44,"cWW,cWW,cWW,cWW,cWW","cwW,cWW,cWW,cWW,cWW","cWW,cWW,cWW,cWW,cWW","nbp,nbp,nbp,nbp,nbp","nbp,nbp,nbp,nbp,nbp","nbp,nbp,nbp,nbp,nbp","nbp,nbp,nbp,nbp,nbp"
50,IL_7XPL_001,7XPL,0.136,0,Isolated non-canonical cWW pair,H+G,BMG3 RNA strand B,A,6,U,7,G,8,*,C,22,U,23,U,24,"cWW,cWW,cWW,cWW,cWW","cwW,cWW,cWW,cWW,cWW","cWW,cWW,cWW,cWW,cWW","nbp,nbp,nbp,nbp,nbp","nbp,nbp,nbp,nbp,nbp","nbp,cWW,nbp,nbp,nbp","nbp,nbp,nbp,nbp,nbp"
51,IL_1U6B_005,1U6B,0.1865,0,Isolated non-canonical cWW pair,B,197-MER,A,117,U,118,G,119,*,C,100,U,101,U,102,"cWW,cWW,cWW,cWW,cWW","cwW,cWW,cWW,cWW,cWW","cWW,cWW,cWW,cWW,cWW","nbp,nbp,nbp,nbp,nbp","nbp,nbp,nbp,nbp,nbp","nbp,nbp,nbp,nbp,nbp","nbp,nbp,nbp,nbp,nbp"
52,IL_2ET8_004,2ET8,0.1734,0,Isolated non-canonical cWW pair,B+A,RNA (22-mer),G,27,U,28,C,29,*,G,18,U,19,C,20,"cWW,cWW,cWW,cWW,cWW","cwW,cWW,cWW,cWW,cWW","cWW,cWW,cWW,cWW,cWW","nbp,nbp,nbp,nbp,nbp","nbp,nbp,nbp,nbp,nbp","nbp,nbp,nbp,nbp,nbp","nbp,cSW,nbp,nbp,nbp"
53,IL_3BNR_007,3BNR,0.1228,0,Isolated non-canonical cWW pair,C+D,"A site of human mitochondrial ribosome, chain one + A site of human mitochondrial ribosome, chain three",G,5,U,6,C,7,*,G,17,U,18,C,19,"cWW,cWW,cWW,cWW,cWW","cwW,cWW,cWW,cWW,cWW","cWW,cWW,cWW,cWW,cWW","nbp,nbp,nbp,nbp,nbp","nbp,nbp,nbp,nbp,nbp","nbp,nbp,nbp,nbp,nbp","nbp,nbp,nbp,nbp,nbp"
54,IL_7L0Z_001,7L0Z,0.1559,0,Isolated non-canonical cWW pair,G,RNA (69-MER),G,10,U,11,G,12,*,C,58,U,59,C,60,"cWW,cWW,cWW,cWW,cWW","cwW,cWW,cWW,cWW,cWW","cWW,cWW,cWW,cWW,cWW","nbp,nbp,nbp,nbp,nbp","nbp,nbp,nbp,nbp,nbp","nbp,nbp,nbp,nbp,nbp","nbp,nbp,nbp,nbp,nbp"
56,IL_2O3V_004,2O3V,0.139,0,Isolated non-canonical cWW pair,B+A,RNA (23-mer),G,28,U,29,C,30,*,G,19,U,20,C,21,"cWW,cWW,cWW,cWW,cWW","cwW,cWW,cWW,cWW,cWW","cWW,cWW,cWW,cWW,cWW","nbp,nbp,nbp,nbp,nbp","nbp,nbp,nbp,nbp,nbp","nbp,nbp,nbp,nbp,nbp","nbp,nbp,nbp,nbp,nbp"
57,IL_3TD0_001,3TD0,0.1428,0,Isolated non-canonical cWW pair,B+A,RNA (23-mer),G,42,U,43,C,44,*,G,5,U,6,C,7,"cWW,cWW,cWW,cWW,cWW","ncwW,cWW,cWW,nbp,cWW","cWW,cWW,cWW,cWW,cWW","nbp,nbp,nbp,nbp,nbp","nbp,nbp,nbp,nbp,nbp","nbp,nbp,nbp,nbp,nbp","nbp,nbp,nbp,nbp,nbp"
58,IL_4ZC7_001,4ZC7,0.1874,0,Isolated non-canonical cWW pair,B+A,RNA duplex,G,42,U,43,C,44,*,G,5,U,6,C,7,"cWW,cWW,cWW,cWW,cWW","ncWw,cWW,nbp,nbp,nbp","cWW,cWW,cWW,cWW,cWW","nbp,nbp,nbp,nbp,nbp","nbp,nbp,nbp,nbp,nbp","nbp,nbp,nbp,nbp,nbp","nbp,nbp,nbp,nbp,nbp"
61,IL_6SX2_001,6SX2,0.1965,0,Isolated non-canonical cWW pair,D+C,RNA (19-mer),U,9,U,10,A,11,*,U,9,U,10,A,11,"cWW,cWW,cWW,cWW,cWW","ncwW,cWW,nbp,nbp,nbp","cWW,cWW,cWW,cWW,cWW","nbp,nbp,nbp,nbp,nbp","nbp,nbp,nbp,nbp,nbp","nbp,nbp,nbp,nbp,nbp","nbp,nbp,nbp,nbp,nbp"
62,IL_2O3X_004,2O3X,0.1959,0,Isolated non-canonical cWW pair,B+A,RNA (23-mer),G,28,U,29,C,30,*,G,19,U,20,C,21,"cWW,cWW,cWW,cWW,cWW","cwW,cWW,cWW,cWW,cWW","cWW,cWW,cWW,cWW,cWW","nbp,nbp,nbp,nbp,nbp","nbp,nbp,nbp,nbp,nbp","nbp,nbp,nbp,nbp,nbp","nbp,nbp,nbp,nbp,nbp"
65,IL_5T3K_002,5T3K,0.1694,0,Isolated non-canonical cWW pair,A+B,RNA (17-mer) + RNA (16-mer),G,10,U,11,C,12,*,G,24,75B,25,C,26,"cWW,cWW,cWW,cWW,cWW","cwW,nbp,nbp,nbp,nbp","cWW,cWW,cWW,cWW,cWW","nbp,nbp,nbp,nbp,nbp","nbp,nbp,nbp,nbp,nbp","nbp,nbp,nbp,nbp,nbp","nbp,nbp,nbp,nbp,nbp"
67,IL_1ZX7_006,1ZX7,0.1655,0,Isolated non-canonical cWW pair,E+F,RNA (15-mer) + RNA (14-mer),G,10,U,11,C,12,*,G,24,U,25,C,26,"cWW,cWW,cWW,cWW,cWW","cwW,cWW,cWW,cWW,cWW","cWW,cWW,cWW,cWW,cWW","nbp,nbp,nbp,nbp,nbp","nbp,nbp,nbp,nbp,nbp","nbp,nbp,nbp,nbp,nbp","nbp,nbp,nbp,nbp,nbp"
69,IL_1L9A_009,1L9A,0.271,0,Isolated non-canonical cWW pair,B,signal recognition particle RNA S domain,A,228,U,229,C,230,*,G,120,U,121,U,122,"ncWW,cWW,nbp,nbp,cWW","ncwW,cWW,cWW,cWW,cWW","cWW,cWW,cWW,cWW,cWW","nbp,nbp,nbp,nbp,nbp","nbp,nbp,nbp,nbp,nbp","nbp,nbp,nbp,nbp,nbp","nbp,nbp,nbp,nbp,nbp"
