#S,Loop id,PDB,Disc,#Non-core,Annotation,Chain(s),Standardized name,Unnamed: 8,1,Unnamed: 10,2,Unnamed: 12,3,break,Unnamed: 15,4,Unnamed: 17,5,1-5,2-5,3-4,1-4,2-4
1,IL_5VSU_003,5VSU,0.4592,0,Single stack bend,I,U6 snRNA,A,75,A,76,G,77,*,C,69,U,70,"cWW,cWW,cWW,cWW,cWW","nbp,tHS,nbp,nbp,nbp","cWW,cWW,cWW,cWW,cWW","nbp,tWH,nbp,nbp,nbp","nbp,nbp,nbp,nbp,nbp"
3,IL_7KGA_006,7KGA,0.3326,0,Single stack bend,B,Flavivirus DB element,A,37,C,38,U,39,*,A,15,U,16,"cWW,cWW,cWW,cWW,cWW","nbp,cWW,nbp,nbp,nbp","cWW,cWW,cWW,cWW,cWW","nbp,cWW,nbp,nbp,nbp","nbp,tHW,nbp,nbp,nbp"
5,IL_7ZO1_005,7ZO1,0.0,0,,A+C,CD34 sgRNA + CD34 off-target9 DNA target strand,G,5,A,6,G,7,*,DC,14,DC,15,"cWW,nbp,nbp,nbp,nbp","nbp,nbp,nbp,nbp,nbp","cWW,nbp,nbp,nbp,nbp","nbp,nbp,nbp,nbp,nbp","nbp,nbp,nbp,nbp,nbp"
9,IL_7A0S_054,7A0S,0.1699,0,Single stack bend,X,LSU rRNA,A,1463,A,1464,G,1465,*,C,1477,U,1478,"cWW,cWW,cWW,cWW,cWW","nbp,nbp,nbp,nbp,nbp","cWW,cWW,cWW,cWW,cWW","nbp,nbp,nbp,nbp,nbp","nbp,nbp,nbp,nbp,nbp"
11,IL_7A0S_083,7A0S,0.2475,0,Single stack bend,X,LSU rRNA,C,2477,C,2478,U,2479,*,A,2432,G,2433,"cWW,cWW,cWW,cWW,cWW","nbp,nbp,nbp,nbp,nbp","cWW,cWW,cWW,cWW,cWW","nbp,nbp,nbp,nbp,nbp","nbp,cWW,nbp,nbp,nbp"
13,IL_4WF9_089,4WF9,0.249,0,Single stack bend,X,LSU rRNA,C,2525,C,2526,U,2527,*,A,2480,G,2481,"cWW,cWW,cWW,cWW,cWW","nbp,nbp,nbp,nbp,nbp","cWW,cWW,cWW,cWW,cWW","nbp,nbp,nbp,nbp,nbp","nbp,nbp,nbp,nbp,nbp"
