#S,Loop id,PDB,Disc,#Non-core,Annotation,Chain(s),Standardized name,Unnamed: 8,1,Unnamed: 10,2,Unnamed: 12,3,break,Unnamed: 15,4,Unnamed: 17,5,1-3,1-5,2-3,2-4,3-4,2-5,3-5
1,IL_3SUX_002,3SUX,0.4695,0,Major groove platform,X,THF riboswitch,U,47,G,48,U,49,*,G,37,A,38,"nbp,nbp,nbp,nbp,nbp","ncWW,cWW,cWW,nbp,cWW","nbp,cSH,nbp,nbp,nbp","nbp,nbp,nbp,nbp,nbp","cWW,cWW,cWW,cWW,cWW","nbp,nbp,nbp,nbp,nbp","nbp,nbp,nbp,nbp,nbp"
3,IL_5Y85_005,5Y85,0.2261,0,Major groove platform,D+C,DNA/RNA (50-MER),C,40,G,41,C,42,*,G,9,G,10,"nbp,nbp,nbp,nbp,nbp","cWW,cWW,cWW,cWW,cWW","nbp,nbp,nbp,nbp,nbp","nbp,nbp,nbp,nbp,nbp","cWW,cWW,cWW,cWW,cWW","nbp,nbp,nbp,nbp,nbp","nbp,nbp,nbp,nbp,nbp"
4,IL_4LFB_028,4LFB,0.2647,0,Major groove platform,A,SSU rRNA,C,747,C,748,C,749,*,G,657,G,658,"nbp,nbp,nbp,nbp,nbp","cWW,cWW,cWW,cWW,cWW","nbp,nbp,nbp,nbp,nbp","nbp,nbp,nbp,nbp,nbp","cWW,cWW,cWW,cWW,cWW","nbp,nbp,nbp,nbp,nbp","nbp,nbp,nbp,nbp,nbp"
5,IL_1G1X_005,1G1X,0.2606,0,Major groove platform,J+I,16S RIBOSOMAL RNA,C,747,C,748,C,749,*,G,657,G,658,"nbp,nbp,nbp,nbp,nbp","cWW,cWW,cWW,cWW,cWW","ncSH,cSH,cSH,nbp,nbp","nbp,nbp,nbp,nbp,nbp","cWW,cWW,cWW,cWW,cWW","nbp,nbp,nbp,nbp,nbp","nbp,nbp,nbp,nbp,nbp"
6,IL_1G1X_002,1G1X,0.2578,0,Major groove platform,E+D,16S RIBOSOMAL RNA,C,747,C,748,C,749,*,G,657,G,658,"nbp,nbp,nbp,nbp,nbp","cWW,cWW,cWW,cWW,cWW","ncSH,cSH,cSH,nbp,nbp","nbp,nbp,nbp,nbp,nbp","cWW,cWW,cWW,cWW,cWW","nbp,nbp,nbp,nbp,nbp","nbp,nbp,nbp,nbp,nbp"
7,IL_5T5A_002,5T5A,0.1874,0,Major groove platform,A,DNA/RNA (71-MER),C,50,G,51,C,52,*,G,10,G,11,"nbp,nbp,nbp,nbp,nbp","cWW,cWW,cWW,cWW,cWW","ncSH,cSH,nbp,nbp,nbp","nbp,nbp,nbp,nbp,nbp","cWW,cWW,cWW,cWW,cWW","nbp,nbp,nbp,nbp,nbp","nbp,nbp,nbp,nbp,nbp"
8,IL_7EOM_001,7EOM,0.2207,0,Major groove platform,A,Pepper (49-MER),C,5,A,6,C,7,*,G,44,G,45,"nbp,nbp,nbp,nbp,nbp","cWW,cWW,cWW,cWW,cWW","ncSH,cSH,cSH,cSH,cSH","nbp,nbp,nbp,nbp,nbp","cWW,cWW,cWW,cWW,cWW","nbp,nbp,nbp,nbp,nbp","nbp,nbp,nbp,nbp,nbp"
9,IL_7EOG_001,7EOG,0.2236,0,Major groove platform,A,Pepper (49-MER),C,5,A,6,C,7,*,G,44,G,45,"nbp,nbp,nbp,nbp,nbp","cWW,cWW,cWW,cWW,cWW","cSH,cSH,cSH,nbp,cSH","nbp,nbp,nbp,nbp,nbp","cWW,cWW,cWW,cWW,cWW","nbp,nbp,nbp,nbp,nbp","nbp,nbp,nbp,nbp,nbp"
11,IL_1XJR_002,1XJR,0.1946,0,Major groove platform,A,s2m RNA,U,37,A,38,C,39,*,G,13,G,14,"nbp,nbp,nbp,nbp,nbp","cWW,cWW,cWW,cWW,cWW","cSH,cSH,cSH,cSH,cSH","nbp,nbp,nbp,nbp,nbp","cWW,cWW,cWW,cWW,cWW","nbp,nbp,nbp,nbp,nbp","nbp,nbp,nbp,nbp,nbp"
13,IL_7A0S_082,7A0S,0.1404,0,Major groove platform,X,LSU rRNA,U,2380,A,2381,C,2382,*,G,2393,G,2394,"nbp,nbp,nbp,nbp,nbp","cWW,cWW,cWW,cWW,cWW","cSH,cSH,cSH,cSH,cSH","nbp,nbp,nbp,nbp,nbp","cWW,cWW,cWW,cWW,cWW","nbp,nbp,nbp,nbp,nbp","nbp,nbp,nbp,nbp,nbp"
17,IL_4WF9_090,4WF9,0.117,0,Major groove platform,X,LSU rRNA,C,2523,A,2524,C,2525,*,G,2481,G,2482,"nbp,nbp,nbp,nbp,nbp","cWW,cWW,cWW,cWW,cWW","cSH,cSH,cSH,nbp,cSH","nbp,nbp,nbp,nbp,nbp","cWW,cWW,cWW,cWW,cWW","nbp,nbp,nbp,nbp,nbp","nbp,nbp,nbp,nbp,nbp"
18,IL_7A0S_084,7A0S,0.1127,0,Major groove platform,X,LSU rRNA,C,2475,A,2476,C,2477,*,G,2433,G,2434,"nbp,nbp,nbp,nbp,nbp","cWW,cWW,cWW,cWW,cWW","cSH,cSH,cSH,nbp,cSH","nbp,tSH,nbp,nbp,nbp","cWW,cWW,cWW,cWW,cWW","nbp,nbp,nbp,nbp,nbp","nbp,nbp,nbp,nbp,nbp"
20,IL_1I6U_001,1I6U,0.1639,0,Major groove platform,C,16S RRNA FRAGMENT,U,9,A,10,A,11,*,U,28,G,29,"nbp,nbp,nbp,nbp,nbp","cWW,cWW,cWW,cWW,cWW","cSH,cSH,cSH,cSH,cSH","ntSH,tSH,tSH,nbp,nbp","cWW,cWW,cWW,cWW,cWW","nbp,nbp,nbp,nbp,nbp","nbp,nbp,nbp,nbp,nbp"
22,IL_1S03_008,1S03,0.2021,0,Major groove platform,B,47-MER,C,34,A,35,A,36,*,U,16,G,17,"nbp,nbp,nbp,nbp,nbp","cWW,cWW,cWW,cWW,cWW","cSH,cSH,cSH,cSH,cSH","tSH,tSH,tSH,nbp,nbp","cWW,cWW,cWW,cWW,cWW","nbp,nbp,nbp,nbp,nbp","nbp,nbp,nbp,nbp,nbp"
23,IL_1S03_004,1S03,0.1954,0,Major groove platform,A,47-MER,C,34,A,35,A,36,*,U,16,G,17,"nbp,nbp,nbp,nbp,nbp","cWW,cWW,cWW,cWW,cWW","cSH,cSH,cSH,cSH,cSH","tSH,tSH,tSH,nbp,nbp","cWW,cWW,cWW,cWW,cWW","nbp,nbp,nbp,nbp,nbp","nbp,nbp,nbp,nbp,nbp"
26,IL_4WF9_078,4WF9,0.2316,0,Major groove platform,X,LSU rRNA,C,2077,A,2078,G,2079,*,C,2644,G,2645,"nbp,nbp,nbp,nbp,nbp","cWW,cWW,cWW,cWW,cWW","cSH,cSH,cSH,nbp,nbp","nbp,tSH,nbp,nbp,nbp","cWW,cWW,cWW,cWW,cWW","nbp,nbp,nbp,nbp,nbp","nbp,nbp,nbp,nbp,nbp"
27,IL_7A0S_073,7A0S,0.2054,0,Major groove platform,X,LSU rRNA,C,2033,A,2034,G,2035,*,C,2596,G,2597,"nbp,nbp,nbp,nbp,nbp","cWW,cWW,cWW,cWW,cWW","cSH,cSH,nbp,nbp,nbp","nbp,tSH,nbp,nbp,nbp","cWW,cWW,cWW,cWW,cWW","nbp,nbp,nbp,nbp,nbp","nbp,nbp,nbp,nbp,nbp"
28,IL_5VOE_005,5VOE,0.2206,0,Major groove platform,A,Aptamer 11F7t (36-MER),UFT,24,G,25,G,26,*,CFL,12,G,13,"nbp,nbp,nbp,nbp,nbp","cWW,nbp,nbp,nbp,nbp","ncSH,cSH,nbp,nbp,nbp","nbp,nbp,nbp,nbp,nbp","cWW,nbp,nbp,nbp,nbp","nbp,nbp,nbp,nbp,nbp","nbp,nbp,nbp,nbp,nbp"
29,IL_7A0S_085,7A0S,0.3004,0,Major groove platform,X,LSU rRNA,U,2436,G,2437,A,2438,*,U,2472,G,2473,"nbp,nbp,nbp,nbp,nbp","cWW,cWW,cWW,cWW,cWW","nbp,cSH,nbp,nbp,nbp","ntSH,tSH,nbp,nbp,nbp","cWW,cWW,cWW,cWW,cWW","nbp,nbp,nbp,nbp,nbp","nbp,nbp,nbp,nbp,nbp"
30,IL_4WF9_091,4WF9,0.3208,0,Major groove platform,X,LSU rRNA,U,2484,U,2485,A,2486,*,U,2520,G,2521,"nbp,nbp,nbp,nbp,nbp","cWW,cWW,cWW,cWW,cWW","cSH,cSH,cSH,nbp,nbp","nbp,nbp,nbp,nbp,nbp","cWW,cWW,cWW,cWW,cWW","nbp,nbp,nbp,nbp,nbp","nbp,nbp,nbp,nbp,nbp"
34,IL_4OQU_002,4OQU,0.1942,0,Major groove platform,A,SAM-I/IV riboswitch,C,42,A,43,A,44,*,U,29,G,30,"nbp,nbp,nbp,nbp,nbp","cWW,cWW,cWW,cWW,cWW","ncSH,cSH,cSH,nbp,cSH","nbp,tSH,nbp,nbp,nbp","cWW,cWW,cWW,cWW,cWW","nbp,nbp,nbp,nbp,nbp","nbp,nbp,nbp,nbp,nbp"
35,IL_3OXE_003,3OXE,0.2045,0,Major groove platform,A,domain II of glycine riboswitch,C,68,U,69,C,70,*,G,35,G,36,"nbp,nbp,nbp,nbp,nbp","cWW,cWW,cWW,cWW,cWW","cSH,cSH,cSH,nbp,cSH","nbp,nbp,nbp,nbp,nbp","cWW,cWW,cWW,cWW,cWW","nbp,nbp,nbp,nbp,nbp","nbp,nbp,nbp,nbp,nbp"
36,IL_3NKB_002,3NKB,0.1395,0,Major groove platform,B,The hepatitis delta virus ribozyme,G,55,U,56,A,57,*,U,47,C,48,"nbp,nbp,nbp,nbp,nbp","cWW,cWW,cWW,cWW,cWW","cSH,cSH,cSH,nbp,nbp","nbp,nbp,nbp,nbp,nbp","cWW,cWW,cWW,cWW,cWW","nbp,nbp,nbp,nbp,nbp","nbp,nbp,nbp,nbp,nbp"
37,IL_8TSV_001,8TSV,0.1313,0,Major groove platform,A+B,Zika virus stem-loop A (SLA) top stem,U,6,G,7,C,8,*,G,19,A,20,"nbp,cWH,nbp,nbp,nbp","cWW,cWW,cWW,cWW,cWW","ncSH,cSH,cSH,nbp,cSH","tSH,tSH,nbp,nbp,nbp","cWW,cWW,cWW,cWW,cWW","nbp,nbp,nbp,nbp,nbp","nbp,nbp,nbp,nbp,nbp"
38,IL_4LFB_024,4LFB,0.2031,0,Major groove platform,A,SSU rRNA,G,594,G,595,C,596,*,G,644,C,645,"nbp,nbp,nbp,nbp,nbp","cWW,cWW,cWW,cWW,cWW","ncSH,cSH,nbp,nbp,cSH","ntSH,tSH,nbp,nbp,nbp","cWW,cWW,cWW,cWW,cWW","nbp,cSW,nbp,nbp,nbp","nbp,nbp,nbp,nbp,cWW"
42,IL_4WF9_026,4WF9,0.3379,0,Major groove platform,X,LSU rRNA,G,783,A,784,C,785,*,G,802,C,803,"nbp,nbp,nbp,nbp,nbp","cWW,cWW,cWW,cWW,cWW","cSH,cSH,cSH,nbp,cSH","nbp,tSH,nbp,nbp,nbp","cWW,cWW,cWW,cWW,cWW","nbp,nbp,nbp,nbp,nbp","nbp,nbp,nbp,nbp,nbp"
