#S,Loop id,PDB,Disc,#Non-core,Annotation,Chain(s),Standardized name,Unnamed: 8,1,Unnamed: 10,2,Unnamed: 12,3,Unnamed: 14,4,Unnamed: 16,5,Unnamed: 18,6,Unnamed: 20,7,Unnamed: 22,8,Unnamed: 24,9,break,Unnamed: 27,10,Unnamed: 29,11,Unnamed: 31,12,Unnamed: 33,13,Unnamed: 35,14,Unnamed: 37,15,Unnamed: 39,16,Unnamed: 41,17,Unnamed: 43,18,1-18,2-17,3-16,4-15,6-13,7-12,8-11,9-10,7-11,7-13,5-14,3-15,5-15,2-16,4-16,6-14
1,IL_364D_003,364D,0.203,0,Bacterial 5S Loop E,C+B,RNA (31-mer),C,97,G,98,A,99,G,100,A,101,G,102,U,103,A,104,G,105,*,C,71,G,72,A,73,U,74,G,75,G,76,U,77,A,78,G,79,"cWW,cWW,cWW,cWW,cWW","tSH,tSH,tSH,tSH,tSH","ntHW,tHW,tHW,tHW,nbp","cBW,tHW,cWW,nbp,tWW","ntWH,tWH,tWH,nbp,tWH","tWH,tWH,tWH,tWH,tWH","tHS,tHS,tHS,tHS,tHS","cWW,cWW,cWW,cWW,cWW","nbp,tHS,nbp,nbp,nbp","nbp,tWH,nbp,nbp,nbp","nbp,cWW,nbp,nbp,nbp","nbp,tHW,nbp,nbp,nbp","nbp,nbp,nbp,nbp,cWW","nbp,tSH,nbp,nbp,tSH","nbp,tHS,nbp,nbp,nbp","nbp,nbp,nbp,nbp,nbp"
2,IL_1FEU_001,1FEU,0.1375,0,Bacterial 5S Loop E,C+B,21 NT FRAGMENT OF 5S RRNA,C,97,G,98,A,99,G,100,A,101,G,102,U,103,A,104,G,105,*,C,71,G,72,A,73,U,74,G,75,G,76,U,77,A,78,G,79,"cWW,cWW,cWW,cWW,cWW","tSH,tSH,tSH,tSH,tSH","tHW,tHW,tHW,tHW,tHW","cBW,tHW,cWW,nbp,tWW","ncWB,tWH,cWW,nbp,nbp","tWH,tWH,tWH,tWH,tWH","tHS,tHS,tHS,tHS,tHS","cWW,cWW,cWW,cWW,cWW","nbp,nbp,nbp,nbp,nbp","nbp,nbp,nbp,nbp,nbp","nbp,cWW,nbp,cWW,nbp","nbp,nbp,nbp,nbp,nbp","nbp,cWW,nbp,nbp,nbp","nbp,nbp,nbp,nbp,nbp","nbp,nbp,nbp,nbp,nbp","nbp,nbp,nbp,nbp,nbp"
3,IL_354D_001,354D,0.059,0,,B+A,RNA-DNA (5'-R(*GP*CP*GP*AP*GP*AP*GP*UP*AP*)-D(*DGP(S)*)-R(*GP*C)-3'),C,97,G,98,A,99,G,100,A,101,G,102,U,103,A,104,DG,105,*,C,71,G,72,A,73,U,74,G,75,G,76,U,77,A,78,G,79,"cWW,cWW,cWW,cWW,cWW","tSH,tSH,tSH,tSH,tSH","tHW,tHW,tHW,tHW,tHW","cBW,tHW,cWW,nbp,tWW","cWB,tWH,cWW,nbp,nbp","tWH,tWH,tWH,tWH,tWH","tHS,tHS,tHS,tHS,tHS","cWW,nbp,nbp,nbp,nbp","nbp,nbp,nbp,nbp,nbp","nbp,nbp,nbp,nbp,nbp","nbp,cWW,nbp,cWW,nbp","nbp,nbp,nbp,nbp,nbp","nbp,nbp,nbp,nbp,nbp","nbp,nbp,nbp,nbp,nbp","nbp,nbp,nbp,nbp,nbp","nbp,nbp,nbp,nbp,nbp"
4,IL_1DFU_001,1DFU,0.0,0,Bacterial 5S Loop E,M+N,5S RRNA,C,97,G,98,A,99,G,100,A,101,G,102,U,103,A,104,G,105,*,C,71,G,72,A,73,U,74,G,75,G,76,U,77,A,78,G,79,"cWW,cWW,cWW,cWW,cWW","tSH,tSH,tSH,tSH,tSH","tHW,tHW,tHW,tHW,tHW","cBW,tHW,cWW,nbp,nbp","cWB,tWH,cWW,nbp,tWW","tWH,tWH,tWH,tWH,tWH","tHS,tHS,tHS,tHS,tHS","cWW,cWW,cWW,cWW,cWW","nbp,nbp,nbp,nbp,nbp","nbp,nbp,nbp,nbp,nbp","nbp,cWW,nbp,cWW,nbp","nbp,nbp,nbp,nbp,nbp","nbp,nbp,nbp,nbp,nbp","nbp,tSH,nbp,nbp,nbp","nbp,cWW,nbp,nbp,nbp","nbp,cWW,nbp,nbp,nbp"
7,IL_7A0S_106,7A0S,0.1589,0,Bacterial 5S Loop E,Y,5S rRNA,G,100,A,101,A,102,A,103,A,104,G,105,U,106,C,107,G,108,*,C,73,A,74,A,75,U,76,G,77,A,78,U,79,A,80,C,81,"cWW,cWW,cWW,cWW,cWW","tSH,tSH,tSH,tSH,nbp","tHW,tHW,tHW,tHW,tHW","cBW,tHW,nbp,nbp,nbp","ncWB,tWH,nbp,nbp,nbp","tWH,tWH,tWH,tWH,tWH","tHS,tHS,tHS,tHS,nbp","cWW,cWW,cWW,cWW,cWW","nbp,nbp,nbp,nbp,nbp","nbp,nbp,nbp,nbp,nbp","nbp,cWW,nbp,nbp,nbp","nbp,nbp,nbp,nbp,nbp","nbp,nbp,nbp,nbp,nbp","nbp,nbp,nbp,nbp,nbp","nbp,nbp,nbp,nbp,nbp","nbp,nbp,nbp,nbp,nbp"
