#S,Loop id,PDB,Disc,#Non-core,Annotation,Chain(s),Standardized name,Unnamed: 8,1,Unnamed: 10,2,Unnamed: 12,3,Unnamed: 14,4,break,Unnamed: 17,5,Unnamed: 19,6,Unnamed: 21,7,1-7,3-6,4-5,3-5,2-6
1,IL_2O3Y_003,2O3Y,0.1288,2,,B+A,RNA (23-mer),C,30,G,31,C,32,U,33,*,A,15,A,17,G,19,"cWW,cWW,cWW,cWW,cWW","cWS,cWS,cWS,cWS,cWS","cWW,cWW,cWW,cWW,cWW","nbp,tHW,nbp,nbp,nbp","nbp,cWW,nbp,nbp,nbp"
2,IL_2OE8_002,2OE8,0.0,2,,A+B,RNA (16-mer) + RNA (17-mer),C,1407,G,1408,C,1409,U,1410,*,A,1490,A,1492,G,1494,"cWW,cWW,cWW,cWW,cWW","cWS,cWS,cWS,cWS,cWS","cWW,cWW,cWW,cWW,cWW","nbp,tHW,nbp,nbp,nbp","nbp,cWS,nbp,nbp,nbp"
3,IL_2OE5_002,2OE5,0.0451,2,,A+B,RNA (16-mer) + RNA (17-mer),C,1407,G,1408,C,1409,U,1410,*,A,1490,A,1492,G,1494,"cWW,cWW,cWW,cWW,cWW","cWS,cWS,cWS,cWS,cWS","cWW,cWW,cWW,cWW,cWW","nbp,tHW,nbp,nbp,nbp","nbp,cWS,nbp,nbp,nbp"
4,IL_3MEI_004,3MEI,0.1976,2,,B+A,RNA (23-mer),C,7,G,8,C,9,C,10,*,G,13,C,15,G,17,"cWW,cWW,cWW,cWW,cWW","cWS,cWS,cWS,nbp,cWS","cWW,cWW,cWW,cWW,cWW","nbp,nbp,nbp,nbp,nbp","nbp,nbp,nbp,nbp,nbp"
5,IL_2O3V_003,2O3V,0.1552,2,,B+A,RNA (23-mer),C,30,G,31,C,32,U,33,*,A,15,A,17,G,19,"cWW,cWW,cWW,cWW,cWW","cWS,cWS,cWS,cWS,cWS","cWW,cWW,cWW,cWW,cWW","nbp,tHW,nbp,nbp,nbp","nbp,cWS,nbp,nbp,nbp"
7,IL_8BH9_001,8BH9,0.8642,1,,B,RNA (12-mer),A,430,A,431,U,432,G,433,*,C,500,A,501,U,503,"cWW,cWW,cWW,cWW,cWW","nbp,nbp,nbp,nbp,nbp","cWW,cWW,cWW,cWW,cWW","nbp,nbp,nbp,nbp,nbp","nbp,nbp,nbp,nbp,nbp"
8,IL_4WF9_110,4WF9,0.7274,1,Tandem non-canonical cWW pairs,Y,5S rRNA,G,5,U,6,G,7,A,8,*,U,107,G,108,C,110,"cWW,cWW,cWW,cWW,cWW","nbp,cWH,nbp,nbp,nbp","cWW,cWW,cWW,cWW,cWW","nbp,nbp,nbp,nbp,nbp","nbp,nbp,nbp,nbp,nbp"
9,IL_4EYA_008,4EYA,0.7205,1,Tandem non-canonical cWW pairs,l+k,RNA (12-mer),C,6,U,7,U,8,G,9,*,C,6,U,7,G,9,"cWW,cWW,cWW,cWW,cWW","ncwW,cWW,nbp,cWW,nbp","cWW,cWW,cWW,cWW,cWW","nbp,nbp,nbp,nbp,nbp","nbp,nbp,nbp,nbp,nbp"
10,IL_4EYA_010,4EYA,0.8272,1,Tandem non-canonical cWW pairs,m+n,RNA (12-mer),C,6,U,7,U,8,G,9,*,C,6,U,7,G,9,"cWW,cWW,cWW,cWW,cWW","ncwW,cWW,nbp,nbp,nbp","ncWW,cWW,cWW,cWW,cWW","nbp,nbp,nbp,nbp,nbp","nbp,nbp,nbp,nbp,nbp"
