#S,Loop id,PDB,Disc,#Non-core,Annotation,Chain(s),Standardized name,Unnamed: 8,1,Unnamed: 10,2,Unnamed: 12,3,Unnamed: 14,4,Unnamed: 16,5,break,Unnamed: 19,6,Unnamed: 21,7,Unnamed: 23,8,1-8,2-7,3-4,5-6
1,IL_1KXK_002,1KXK,0.1742,1,Receptor of 11-nt loop-receptor motif,A,ai5g group II Self-splicing intron,C,15,U,16,A,17,A,18,G,19,*,U,54,A,55,G,57,"cWW,cWW,cWW,cWW,cWW","tWH,tWH,tWH,tWH,tWH","cSH,cSH,cSH,cSH,cSH","cWW,cWW,cWW,cWW,cWW"
2,IL_5Y7M_005,5Y7M,0.099,1,Receptor of 11-nt loop-receptor motif,D,RNA (52-MER),C,46,U,47,A,48,A,49,G,50,*,U,3,A,4,G,6,"cWW,cWW,cWW,cWW,cWW","tWH,tWH,tWH,tWH,tWH","cSH,cSH,cSH,nbp,cSH","cWW,cWW,cWW,cWW,cWW"
3,IL_6WPI_002,6WPI,0.0931,1,Receptor of 11-nt loop-receptor motif,B,RNA (47-MER),C,18,U,19,A,20,A,21,G,22,*,U,33,A,34,G,36,"cWW,cWW,cWW,cWW,cWW","tWH,tWH,tWH,tWH,tWH","cSH,cSH,cSH,nbp,cSH","cWW,cWW,cWW,cWW,cWW"
4,IL_6AZ4_002,6AZ4,0.0978,1,Receptor of 11-nt loop-receptor motif,A,RNA (32-MER),C,13,U,14,A,15,A,16,G,17,*,U,28,A,29,G,31,"cWW,cWW,cWW,cWW,cWW","tWH,tWH,tWH,tWH,tWH","cSH,cSH,cSH,cSH,cSH","cWW,cWW,cWW,cWW,cWW"
5,IL_5M0H_003,5M0H,0.0843,1,Receptor of 11-nt loop-receptor motif,A,ASH1 E3 (42 nt-TL/TLR),C,14,U,15,A,16,A,17,G,18,*,U,29,A,30,G,32,"cWW,cWW,cWW,cWW,cWW","tWH,tWH,tWH,tWH,tWH","cSH,cSH,cSH,cSH,cSH","cWW,cWW,cWW,cWW,cWW"
6,IL_5XTM_001,5XTM,0.0,1,Receptor of 11-nt loop-receptor motif,B,RNA (47-MER),C,41,U,42,A,43,A,44,G,45,*,U,3,A,4,G,6,"cWW,cWW,cWW,cWW,cWW","tWH,tWH,tWH,tWH,tWH","cSH,cSH,cSH,cSH,cSH","cWW,cWW,cWW,cWW,cWW"
7,IL_4K27_004,4K27,0.0661,1,Receptor of 11-nt loop-receptor motif,U,Myotonic Dystrophy Type 2 RNA,C,19,U,20,A,21,A,22,G,23,*,U,34,A,35,G,37,"cWW,cWW,cWW,cWW,cWW","tWH,tWH,tWH,tWH,tWH","cSH,cSH,cSH,cSH,cSH","cWW,cWW,cWW,cWW,cWW"
8,IL_5BTM_002,5BTM,0.0654,1,Receptor of 11-nt loop-receptor motif,A,RNA (55-mer),C,19,U,20,A,21,A,22,G,23,*,U,34,A,35,G,37,"cWW,cWW,cWW,cWW,cWW","tWH,tWH,tWH,tWH,tWH","cSH,cSH,cSH,cSH,cSH","cWW,cWW,cWW,cWW,cWW"
9,IL_6DVK_001,6DVK,0.0984,1,Receptor of 11-nt loop-receptor motif,H,RNA (95-MER),C,85,U,86,A,87,A,88,G,89,*,U,6,A,7,G,9,"cWW,cWW,cWW,cWW,cWW","tWH,tWH,tWH,tWH,tWH","cSH,cSH,cSH,cSH,cSH","cWW,cWW,cWW,cWW,cWW"
10,IL_2R8S_007,2R8S,0.085,1,Receptor of 11-nt loop-receptor motif,R,P4-P6 RNA RIBOZYME DOMAIN,C,223,U,224,A,225,A,226,G,227,*,U,247,A,248,G,250,"cWW,cWW,cWW,cWW,cWW","tWH,tWH,tWH,tWH,tWH","cSH,cSH,cSH,cSH,cSH","cWW,cWW,cWW,cWW,cWW"
11,IL_1NBS_008,1NBS,0.1802,1,Receptor of 11-nt loop-receptor motif,B,RNase P class B,C,146,U,147,A,148,C,149,G,150,*,U,159,A,160,G,162,"cWW,cWW,cWW,cWW,cWW","tWH,tWH,tWH,tWH,tWH","ncSH,cSH,cSH,nbp,nbp","cWW,cWW,cWW,cWW,cWW"
