#S,Loop id,PDB,Disc,#Non-core,Annotation,Chain(s),Standardized name,Unnamed: 8,1,Unnamed: 10,2,Unnamed: 12,3,break,Unnamed: 15,4,Unnamed: 17,5,1-2,1-5,2-5,3-4,1-3,1-4,2-4
3,IL_3K0J_002,3K0J,0.4368,0,Minor groove platform related,E,RNA (87-MER),C,18,C,19,U,20,*,A,35,G,36,"ncSH,cSH,nbp,nbp,nbp","cWW,cWW,cWW,cWW,cWW","nbp,nbp,nbp,nbp,nbp","cWW,cWW,cWW,cWW,cWW","nbp,cWH,nbp,nbp,nbp","nbp,nbp,nbp,nbp,nbp","nbp,nbp,nbp,nbp,nbp"
4,IL_7TZS_003,7TZS,0.3305,0,Minor groove platform related,X,TPP riboswitch (THI element),C,23,C,24,U,25,*,A,35,G,36,"ncSH,cSH,nbp,cSH,nbp","cWW,cWW,cWW,cWW,cWW","nbp,tHS,nbp,nbp,nbp","cWW,cWW,cWW,cWW,cWW","nbp,nbp,nbp,nbp,nbp","nbp,nbp,nbp,nbp,nbp","nbp,nbp,nbp,nbp,nbp"
5,IL_3IWN_001,3IWN,0.433,0,Minor groove platform,A,C-di-GMP riboswitch,G,89,A,90,U,91,*,A,2,C,3,"nbp,nbp,nbp,nbp,nbp","ncWW,cWW,cWW,cWW,cWW","nbp,nbp,nbp,nbp,nbp","cWW,cWW,cWW,cWW,cWW","nbp,nbp,nbp,nbp,nbp","nbp,nbp,nbp,nbp,nbp","nbp,nbp,nbp,nbp,nbp"
6,IL_7A0S_003,7A0S,0.3691,0,Minor groove platform,X,LSU rRNA,U,447,C,448,C,449,*,G,42,A,43,"cSH,cSH,cSH,nbp,cSH","cWW,cWW,cWW,cWW,cWW","nbp,tHS,nbp,nbp,nbp","cWW,cWW,cWW,cWW,cWW","nbp,nbp,nbp,nbp,nbp","nbp,nbp,nbp,nbp,nbp","nbp,nbp,nbp,nbp,nbp"
9,IL_4R4V_001,4R4V,0.4069,0,Minor groove platform,A,VS ribozyme RNA,U,777,U,778,A,779,*,U,607,G,608,"nbp,cSH,nbp,nbp,nbp","cWW,cWW,cWW,cWW,cWW","nbp,cWW,nbp,cWW,nbp","cWW,cWW,cWW,cWW,cWW","nbp,nbp,nbp,nbp,nbp","nbp,nbp,nbp,nbp,nbp","nbp,nbp,nbp,nbp,nbp"
11,IL_7A0S_076,7A0S,0.3825,1,Minor groove platform,X,LSU rRNA,U,2417,C,2419,C,2420,*,G,2053,A,2054,"cSH,cSH,cSH,nbp,cSH","cWW,cWW,cWW,cWW,cWW","nbp,tHS,nbp,nbp,nbp","cWW,cWW,cWW,cWW,cWW","nbp,nbp,nbp,nbp,nbp","nbp,nbp,nbp,nbp,nbp","nbp,nbp,nbp,nbp,nbp"
14,IL_4WF9_081,4WF9,0.4092,1,Minor groove platform,X,LSU rRNA,U,2465,C,2467,C,2468,*,G,2097,A,2098,"cSH,cSH,nbp,nbp,cSH","cWW,cWW,cWW,cWW,cWW","nbp,tHS,nbp,nbp,nbp","cWW,cWW,cWW,cWW,cWW","nbp,nbp,nbp,nbp,nbp","nbp,nbp,nbp,nbp,nbp","nbp,nbp,nbp,nbp,nbp"
17,IL_7A0S_028,7A0S,0.2583,0,Minor groove platform,X,LSU rRNA,U,925,C,926,C,927,*,G,875,A,876,"ncSH,cSH,nbp,nbp,nbp","cWW,cWW,cWW,cWW,cWW","nbp,tHS,nbp,nbp,nbp","cWW,cWW,cWW,cWW,cWW","nbp,nbp,nbp,nbp,nbp","nbp,nbp,nbp,nbp,nbp","nbp,nbp,nbp,nbp,nbp"
19,IL_4WF9_032,4WF9,0.2662,0,Minor groove platform,X,LSU rRNA,U,958,C,959,C,960,*,G,907,A,908,"cSH,cSH,cSH,nbp,cSH","cWW,cWW,cWW,cWW,cWW","nbp,tHS,nbp,nbp,nbp","cWW,cWW,cWW,cWW,cWW","nbp,nbp,nbp,nbp,nbp","nbp,nbp,nbp,nbp,nbp","nbp,nbp,nbp,nbp,nbp"
22,IL_4LFB_038,4LFB,0.2788,0,Minor groove platform,A,SSU rRNA,C,1226,A,1227,C,1228,*,G,953,G,954,"nbp,nbp,nbp,nbp,nbp","cWW,cWW,cWW,cWW,cWW","ntHS,tHS,nbp,nbp,nbp","cWW,cWW,cWW,cWW,cWW","nbp,nbp,nbp,nbp,nbp","nbp,nbp,nbp,nbp,nbp","nbp,nbp,nbp,nbp,nbp"
24,IL_1U6B_007,1U6B,0.3575,0,Minor groove platform,B,197-MER,G,128,A,129,G,130,*,C,177,C,178,"cSH,cSH,cSH,cSH,cSH","cWW,cWW,cWW,cWW,cWW","tHS,tHS,tHS,tHS,tWS","cWW,cWW,cWW,cWW,cWW","nbp,nbp,nbp,nbp,nbp","nbp,cWW,nbp,nbp,nbp","nbp,nbp,nbp,nbp,nbp"
25,IL_6DTD_003,6DTD,0.3052,0,Minor groove platform,C,RNA (37-MER),G,22,A,23,A,24,*,U,15,C,16,"cSH,cSH,nbp,cSH,cSH","cWW,cWW,cWW,cWW,cWW","tHS,tHS,tHS,nbp,tHS","cWW,cWW,cWW,cWW,cWW","nbp,nbp,nbp,nbp,nbp","nbp,nbp,nbp,nbp,nbp","nbp,nbp,nbp,nbp,nbp"
26,IL_5ML7_009,5ML7,0.2872,0,Minor groove platform,B,23S ribosomal RNA,C,2177,A,2178,G,2179,*,C,2201,G,2202,"nbp,nbp,nbp,nbp,nbp","cWW,cWW,cWW,cWW,cWW","tHS,tHS,tHS,tHS,tHS","cWW,cWW,cWW,cWW,cWW","nbp,nbp,nbp,nbp,nbp","nbp,nbp,nbp,nbp,nbp","nbp,nbp,nbp,nbp,nbp"
27,IL_2QWY_009,2QWY,0.2358,0,Minor groove platform,C,SAM-II riboswitch,U,40,A,41,G,42,*,C,23,A,24,"nbp,nbp,nbp,nbp,nbp","cWW,cWW,cWW,cWW,cWW","tHS,tHS,tHS,nbp,nbp","cWW,cWW,cWW,cWW,cWW","nbp,nbp,nbp,nbp,nbp","nbp,nbp,nbp,nbp,nbp","nbp,nbp,nbp,nbp,nbp"
30,IL_6DLR_003,6DLR,0.0,0,Minor groove platform,A,Guanidine-I riboswitch,C,39,U,40,G,41,*,C,21,G,22,"cSH,cSH,cSH,nbp,nbp","cWW,cWW,cWW,cWW,cWW","tHS,tHS,tHS,tHS,tHS","cWW,cWW,cWW,cWW,cWW","nbp,nbp,nbp,nbp,nbp","nbp,nbp,nbp,nbp,nbp","nbp,nbp,nbp,nbp,nbp"
31,IL_7MLW_004,7MLW,0.1111,0,Minor groove platform,F,Guanidine-I riboswitch,C,45,U,46,G,47,*,C,16,G,17,"ncSH,cSH,nbp,nbp,nbp","cWW,cWW,cWW,cWW,cWW","tHS,tHS,tHS,tHS,tHS","cWW,cWW,cWW,cWW,cWW","nbp,nbp,nbp,nbp,nbp","nbp,nbp,nbp,nbp,nbp","nbp,nbp,nbp,nbp,nbp"
32,IL_5T83_003,5T83,0.1388,0,Minor groove platform,A,Guanidine-I riboswitch,C,36,U,37,G,38,*,C,21,G,22,"ncSH,cSH,nbp,nbp,nbp","cWW,cWW,cWW,cWW,cWW","ntHS,tHS,nbp,tHS,nbp","cWW,cWW,cWW,cWW,cWW","nbp,nbp,nbp,nbp,nbp","nbp,nbp,nbp,nbp,nbp","nbp,nbp,nbp,nbp,nbp"
40,IL_4LFB_004,4LFB,0.4337,0,Minor groove platform,A,SSU rRNA,C,54,A,55,U,56,*,A,356,G,357,"nbp,nbp,nbp,nbp,nbp","cWW,cWW,cWW,cWW,cWW","tHS,tHS,tHS,tHS,tHS","cWW,cWW,cWW,cWW,cWW","nbp,nbp,nbp,nbp,nbp","nbp,nbp,nbp,nbp,nbp","nbp,nbp,nbp,nbp,nbp"
43,IL_4LFB_054,4LFB,0.4062,0,Minor groove platform,A,SSU rRNA,C,1260,A,1261,C,1262,*,G,1273,G,1274,"nbp,nbp,nbp,nbp,nbp","ncWW,nbp,cWW,nbp,cWW","tHS,tHS,tHS,tHS,tHS","cWW,cWW,cWW,cWW,cWW","nbp,nbp,nbp,nbp,nbp","nbp,nbp,nbp,nbp,nbp","nbp,tHW,nbp,nbp,nbp"
44,IL_4UYK_001,4UYK,0.3528,0,Minor groove platform,R,SRP RNA,C,122,A,123,C,124,*,G,77,G,78,"nbp,nbp,nbp,nbp,nbp","nbp,nbp,cWW,nbp,nbp","tHS,tHS,tHS,tHS,tHS","cWW,cWW,cWW,cWW,cWW","nbp,nbp,nbp,nbp,nbp","nbp,nbp,nbp,nbp,nbp","nbp,nbp,nbp,nbp,nbp"
